Date,Close,Volume
1/3/2017 16:00,167.19,2934119
1/4/2017 16:00,169.26,3381432
1/5/2017 16:00,168.7,2682181
1/6/2017 16:00,169.53,2945536
1/9/2017 16:00,167.65,3189413
1/10/2017 16:00,165.52,4118194
1/11/2017 16:00,167.75,3599464
1/12/2017 16:00,167.95,2927953
1/13/2017 16:00,167.34,2875319
1/17/2017 16:00,167.89,3315305
1/18/2017 16:00,166.8,4005776
1/19/2017 16:00,166.81,6947882
1/20/2017 16:00,170.55,12607197
1/23/2017 16:00,171.03,5477519
1/24/2017 16:00,175.9,6951386
1/25/2017 16:00,178.29,5922462
1/26/2017 16:00,178.66,3063924
1/27/2017 16:00,177.3,3482110
1/30/2017 16:00,175.8,4093755
1/31/2017 16:00,174.52,4134574
2/1/2017 16:00,174.29,2795445
2/2/2017 16:00,174.58,2620386
2/3/2017 16:00,175.82,3309258
2/6/2017 16:00,175.86,2650535
2/7/2017 16:00,178.46,3873250
2/8/2017 16:00,176.17,2913126
2/9/2017 16:00,177.21,3090710
2/10/2017 16:00,178.68,2930510
2/13/2017 16:00,179.36,3093261
2/14/2017 16:00,180.13,2775858
2/15/2017 16:00,181.68,2914240
2/16/2017 16:00,181.43,3251547
2/17/2017 16:00,180.67,3552305
2/21/2017 16:00,180.26,4480199
2/22/2017 16:00,181.15,3020540
2/23/2017 16:00,181.65,2282526
2/24/2017 16:00,181.35,3299093
2/27/2017 16:00,179.4,3691317
2/28/2017 16:00,179.82,3273420
3/1/2017 16:00,181.95,3005248
3/2/2017 16:00,180.53,2918153
3/3/2017 16:00,180.05,1825013
3/6/2017 16:00,180.47,3203804
3/7/2017 16:00,180.38,2977626
3/8/2017 16:00,179.45,3557396
3/9/2017 16:00,177.18,5443882
3/10/2017 16:00,177.83,3100316
3/13/2017 16:00,176.46,3482189
3/14/2017 16:00,175.72,3147497
3/15/2017 16:00,175.81,3813810
3/16/2017 16:00,177.24,4311838
3/17/2017 16:00,175.65,5920267
3/20/2017 16:00,175.7,2475875
3/21/2017 16:00,173.88,3927541
3/22/2017 16:00,174.78,3450362
3/23/2017 16:00,174.82,3739976
3/24/2017 16:00,173.83,3221672
3/27/2017 16:00,173.77,3259023
3/28/2017 16:00,174.51,3523370
3/29/2017 16:00,173.94,3084865
3/30/2017 16:00,173.86,3168254
3/31/2017 16:00,174.14,2913509
4/3/2017 16:00,174.5,4286498
4/4/2017 16:00,174.52,3108870
4/5/2017 16:00,172.88,6238854
4/6/2017 16:00,172.45,3435363
4/7/2017 16:00,172.14,3588302
4/10/2017 16:00,171.2,3789786
4/11/2017 16:00,170.58,4891871
4/12/2017 16:00,170.66,3276921
4/13/2017 16:00,169.53,3205462
4/17/2017 16:00,171.1,3719605
4/18/2017 16:00,170.05,6305863
4/19/2017 16:00,161.69,19283389
4/20/2017 16:00,162.3,6486809
4/21/2017 16:00,160.38,5606940
4/24/2017 16:00,160.75,5320608
4/25/2017 16:00,160.39,4858329
4/26/2017 16:00,160.06,4327991
4/27/2017 16:00,160.32,4122908
4/28/2017 16:00,160.29,4154109
5/1/2017 16:00,158.84,4934859
5/2/2017 16:00,159.1,3208234
5/3/2017 16:00,158.63,3993292
5/4/2017 16:00,159.05,4280613
5/5/2017 16:00,155.05,12517190
5/8/2017 16:00,153.03,7491055
5/9/2017 16:00,152.11,6851963
5/10/2017 16:00,151.25,4999811
5/11/2017 16:00,150.65,5627962
5/12/2017 16:00,150.37,3715302
5/15/2017 16:00,151.51,4233971
5/16/2017 16:00,153.68,5513690
5/17/2017 16:00,150.93,5189344
5/18/2017 16:00,150.78,3274371
5/19/2017 16:00,151.98,5643263
5/22/2017 16:00,152.64,3302139
5/23/2017 16:00,152.03,2564503
5/24/2017 16:00,152.51,3732399
5/25/2017 16:00,153.2,2582814
5/26/2017 16:00,152.49,2443363
5/30/2017 16:00,151.73,3666032
5/31/2017 16:00,152.63,3543404
6/1/2017 16:00,152.67,2918122
6/2/2017 16:00,152.05,3585701
6/5/2017 16:00,152.41,3975068
6/6/2017 16:00,152.37,3797173
6/7/2017 16:00,150.98,4862960
6/8/2017 16:00,152.1,3708962
6/9/2017 16:00,154.1,4361174
6/12/2017 16:00,155.18,6470545
6/13/2017 16:00,154.25,3523529
6/14/2017 16:00,153.81,3049724
6/15/2017 16:00,154.22,4654197
6/16/2017 16:00,155.38,6741763
6/19/2017 16:00,154.84,4629492
6/20/2017 16:00,154.95,4481805
6/21/2017 16:00,153.79,3959414
6/22/2017 16:00,154.4,2376481
6/23/2017 16:00,154.11,3282201
6/26/2017 16:00,155.23,2153343
6/27/2017 16:00,154.75,2386491
6/28/2017 16:00,155.32,2217329
6/29/2017 16:00,154.13,3262159
6/30/2017 16:00,153.83,3571536
7/3/2017 16:00,155.58,2822651
7/5/2017 16:00,153.67,3564354
7/6/2017 16:00,152.36,2757522
7/7/2017 16:00,152.94,2460060
7/10/2017 16:00,153.42,3206209
7/11/2017 16:00,153.19,3447509
7/12/2017 16:00,153.7,3097850
7/13/2017 16:00,153.63,2476112
7/14/2017 16:00,154.24,3256218
7/17/2017 16:00,153.01,4761245
7/18/2017 16:00,154,7524443
7/19/2017 16:00,147.53,14292355
7/20/2017 16:00,147.66,7211974
7/21/2017 16:00,147.08,6509459
7/24/2017 16:00,145.99,3877310
7/25/2017 16:00,146.19,4208850
7/26/2017 16:00,145.36,3932331
7/27/2017 16:00,145.07,6430508
7/28/2017 16:00,144.29,3054710
7/31/2017 16:00,144.67,4355507
8/1/2017 16:00,145.3,3219325
8/2/2017 16:00,144.45,3539739
8/3/2017 16:00,144.94,3035213
8/4/2017 16:00,145.16,2549397
8/7/2017 16:00,143.47,4617942
8/8/2017 16:00,142.11,3297788
8/9/2017 16:00,141.77,2925706
8/10/2017 16:00,141.84,4525159
8/11/2017 16:00,141.84,3004210
8/14/2017 16:00,142.32,2248107
8/15/2017 16:00,142.07,4681545
8/16/2017 16:00,142.5,3287556
8/17/2017 16:00,140.7,4421762
8/18/2017 16:00,139.7,4152549
8/21/2017 16:00,140.33,3190691
8/22/2017 16:00,141.01,2544346
8/23/2017 16:00,142.14,4048017
8/24/2017 16:00,142.94,3591673
8/25/2017 16:00,143.74,2872893
8/28/2017 16:00,142.51,5133981
8/29/2017 16:00,143.14,3008020
8/30/2017 16:00,142.56,2735966
8/31/2017 16:00,143.03,3656428
9/1/2017 16:00,144.08,3351705
9/5/2017 16:00,143.04,3098700
9/6/2017 16:00,143.82,3271344
9/7/2017 16:00,142.9,4188154
9/8/2017 16:00,142.45,3366144
9/11/2017 16:00,144.86,4613381
9/12/2017 16:00,145.76,5237848
9/13/2017 16:00,145.99,4100980
9/14/2017 16:00,145.54,3756699
9/15/2017 16:00,144.82,7397233
9/18/2017 16:00,144.55,3019514
9/19/2017 16:00,144.39,3464383
9/20/2017 16:00,145.88,5447519
9/21/2017 16:00,145.26,2554596
9/22/2017 16:00,145.13,2792200
9/25/2017 16:00,145.87,5213144
9/26/2017 16:00,146.56,4487620
9/27/2017 16:00,145.66,3501906
9/28/2017 16:00,145.66,2774775
9/29/2017 16:00,145.08,2654321
10/2/2017 16:00,146.66,2973073
10/3/2017 16:00,146.78,2302699
10/4/2017 16:00,146.48,2244033
10/5/2017 16:00,146.72,2686539
10/6/2017 16:00,146.48,2623174
10/9/2017 16:00,147.39,2682556
10/10/2017 16:00,148.5,4032601
10/11/2017 16:00,147.62,3702238
10/12/2017 16:00,147.03,3264344
10/13/2017 16:00,147.1,2506584
10/16/2017 16:00,146.83,3052091
10/17/2017 16:00,146.54,6372393
10/18/2017 16:00,159.53,30490192
10/19/2017 16:00,160.9,9914169
10/20/2017 16:00,162.07,7868803
10/23/2017 16:00,159.55,5779378
10/24/2017 16:00,155.88,8194690
10/25/2017 16:00,153.5,6921137
10/26/2017 16:00,153.6,4300543
10/27/2017 16:00,153.68,4895186
10/30/2017 16:00,154.36,4210402
10/31/2017 16:00,154.06,4328258
11/1/2017 16:00,154.03,3240246
11/2/2017 16:00,153.35,3397628
11/3/2017 16:00,151.58,4431825
11/6/2017 16:00,150.84,4498871
11/7/2017 16:00,151.35,3701052
11/8/2017 16:00,151.57,4634439
11/9/2017 16:00,150.3,4776532
11/10/2017 16:00,149.16,4307276
11/13/2017 16:00,148.4,5107546
11/14/2017 16:00,148.89,3757951
11/15/2017 16:00,147.1,4773328
11/16/2017 16:00,149.12,5446453
11/17/2017 16:00,148.97,4916500
11/20/2017 16:00,150.51,5676495
11/21/2017 16:00,151.95,3756184
11/22/2017 16:00,151.77,3213596
11/24/2017 13:00,151.84,1193025
11/27/2017 16:00,151.98,3374042
11/28/2017 16:00,152.47,3973670
11/29/2017 16:00,153.55,5098702
11/30/2017 16:00,153.97,6500769
12/1/2017 16:00,154.76,5567852
12/4/2017 16:00,156.46,4664316
12/5/2017 16:00,155.35,5068043
12/6/2017 16:00,154.1,3410728
12/7/2017 16:00,153.57,3771429
12/8/2017 16:00,154.81,3520281
12/11/2017 16:00,155.41,4102719
12/12/2017 16:00,156.74,6321801
12/13/2017 16:00,153.91,5661618
12/14/2017 16:00,154,4637440
12/15/2017 16:00,152.5,11279854
12/18/2017 16:00,153.33,5092838
12/19/2017 16:00,153.23,4116449
12/20/2017 16:00,152.95,3785667
12/21/2017 16:00,151.5,4153935
12/22/2017 16:00,152.5,2990583
12/26/2017 16:00,152.83,2479017
12/27/2017 16:00,153.13,2149257
12/28/2017 16:00,154.04,2687624
12/29/2017 16:00,153.42,3327087
1/2/2018 16:00,154.25,4202503
1/3/2018 16:00,158.49,9441567
1/4/2018 16:00,161.7,7556249
1/5/2018 16:00,162.49,5195764
1/8/2018 16:00,163.47,5237523
1/9/2018 16:00,163.83,4341810
1/10/2018 16:00,164.18,4174105
1/11/2018 16:00,164.2,3794453
1/12/2018 16:00,163.14,5031886
1/16/2018 16:00,163.85,7794195
1/17/2018 16:00,168.65,11710033
1/18/2018 16:00,169.12,14259345
1/19/2018 16:00,162.37,21172488
1/22/2018 16:00,162.6,8480795
1/23/2018 16:00,166.25,7466232
1/24/2018 16:00,165.37,5645003
1/25/2018 16:00,165.47,3302520
1/26/2018 16:00,167.34,3787913
1/29/2018 16:00,166.8,3516995
1/30/2018 16:00,163.62,4902341
1/31/2018 16:00,163.7,4072830
2/1/2018 16:00,162.4,4434242
2/2/2018 16:00,159.03,5251938
2/5/2018 16:00,152.53,8746599
2/6/2018 16:00,155.34,9867678
2/7/2018 16:00,153.85,6149207
2/8/2018 16:00,147.59,6779095
2/9/2018 16:00,149.51,7828290
2/12/2018 16:00,151.4,5881377
2/13/2018 16:00,150.75,4891010
2/14/2018 16:00,154.76,5479033
2/15/2018 16:00,156.01,5623581
2/16/2018 16:00,156.18,4282908
2/20/2018 16:00,155.16,4489604
2/21/2018 16:00,153.96,3728571
2/22/2018 16:00,153.18,4024627
2/23/2018 16:00,155.52,3256074
2/26/2018 16:00,158.58,3610292
2/27/2018 16:00,156.55,4237283
2/28/2018 16:00,155.83,3803512
3/1/2018 16:00,153.81,4039339
3/2/2018 16:00,154.49,3261141
3/5/2018 16:00,156.95,3670630
3/6/2018 16:00,155.72,3685736
3/7/2018 16:00,158.32,4607677
3/8/2018 16:00,156.21,6455612
3/9/2018 16:00,159.31,5022238
3/12/2018 16:00,160.26,5063497
3/13/2018 16:00,159.32,4185590
3/14/2018 16:00,158.12,3631825
3/15/2018 16:00,159.61,3870595
3/16/2018 16:00,160.26,9262656
3/19/2018 16:00,157.35,5481983
3/20/2018 16:00,156.2,4336738
3/21/2018 16:00,156.69,3482184
3/22/2018 16:00,152.09,4746349
3/23/2018 16:00,148.89,4440883
3/26/2018 16:00,153.37,4103904
3/27/2018 16:00,151.91,3883745
3/28/2018 16:00,152.52,3664826
3/29/2018 16:00,153.43,3419959
4/2/2018 16:00,150.07,5150435
4/3/2018 16:00,149.85,4135696
4/4/2018 16:00,154.12,4805261
4/5/2018 16:00,154.03,3185388
4/6/2018 16:00,150.57,3672919
4/9/2018 16:00,152.69,4413178
4/10/2018 16:00,155.39,3955952
4/11/2018 16:00,155.36,3306539
4/12/2018 16:00,158.07,5639444
4/13/2018 16:00,156.71,4057058
4/16/2018 16:00,157.89,4186755
4/17/2018 16:00,160.91,10207534
4/18/2018 16:00,148.79,20381695
4/19/2018 16:00,147.7,8086056
4/20/2018 16:00,144.9,8265643
4/23/2018 16:00,145.86,5315625
4/24/2018 16:00,145.56,4916476
4/25/2018 16:00,145.94,7326379
4/26/2018 16:00,146.72,4265812
4/27/2018 16:00,146.48,3205482
4/30/2018 16:00,144.96,4415533
5/1/2018 16:00,145,4433393
5/2/2018 16:00,142.45,5194917
5/3/2018 16:00,141.99,5018592
5/4/2018 16:00,143.91,4402170
5/7/2018 16:00,143.22,3657009
5/8/2018 16:00,143,5369119
5/9/2018 16:00,142.61,4195953
5/10/2018 16:00,144.24,3726608
5/11/2018 16:00,144.14,3073167
5/14/2018 16:00,144.3,3216062
5/15/2018 16:00,143.74,4089397
5/16/2018 16:00,144.63,3168659
5/17/2018 16:00,144.5,3147659
5/18/2018 16:00,144.5,1818
5/21/2018 16:00,145.49,2894698
5/22/2018 16:00,145.09,2284020
5/23/2018 16:00,144.67,3459747
5/24/2018 16:00,144.07,3398701
5/25/2018 16:00,143.64,4914294
5/29/2018 16:00,141.22,4537638
5/30/2018 16:00,142.62,5118530
5/31/2018 16:00,141.31,6830256
6/1/2018 16:00,141.95,3857530
6/4/2018 16:00,143.04,3035257
6/5/2018 16:00,143.7,2836017
6/6/2018 16:00,144.71,3220139
6/7/2018 16:00,145.36,4316484
6/8/2018 16:00,146.14,5210468
6/11/2018 16:00,146.58,3259986
6/12/2018 16:00,146.87,2640515
6/13/2018 16:00,146.35,2968180
6/14/2018 16:00,145.2,3326343
6/15/2018 16:00,145.39,9116048
6/18/2018 16:00,144.48,4286406
6/19/2018 16:00,143.9,3487015
6/20/2018 16:00,142.63,3329917
6/21/2018 16:00,141.25,3887650
6/22/2018 16:00,141.28,6013678
6/25/2018 16:00,138.79,8937085
6/26/2018 16:00,139.08,4139455
6/27/2018 16:00,137.48,4101828
6/28/2018 16:00,140.04,4523666
6/29/2018 16:00,139.7,3753684
7/2/2018 16:00,139.86,3405642
7/3/2018 13:00,139.57,1963232
7/5/2018 16:00,141.43,3744730
7/6/2018 16:00,142.48,2910426
7/9/2018 16:00,144.39,3904652
7/10/2018 16:00,144.71,3776991
7/11/2018 16:00,144.94,3526565
7/12/2018 16:00,146.45,3119505
7/13/2018 16:00,145.9,3067638
7/16/2018 16:00,145.46,3468817
7/17/2018 16:00,143.49,5096741
7/18/2018 16:00,144.52,6935288
7/19/2018 16:00,149.24,14655804
7/20/2018 16:00,146.35,6415972
7/23/2018 16:00,145.7,3897892
7/24/2018 16:00,146.38,3891625
7/25/2018 16:00,146.62,3623182
7/26/2018 16:00,146.71,4778022
7/27/2018 16:00,145.15,3749642
7/30/2018 16:00,145.49,3608283
7/31/2018 16:00,144.93,5474478
8/1/2018 16:00,143.5,3388386
8/2/2018 16:00,142.96,3841447
8/3/2018 16:00,147.7,8053567
8/6/2018 16:00,146.03,3913743
8/7/2018 16:00,147.01,3508758
8/8/2018 16:00,146.89,3581746
8/9/2018 16:00,144.77,3093504
8/10/2018 16:00,144.48,3003158
8/13/2018 16:00,142.71,2858842
8/14/2018 16:00,143.36,2860041
8/15/2018 16:00,143.91,4241496
8/16/2018 16:00,145.34,5250878
8/17/2018 16:00,146.06,2678820
8/20/2018 16:00,146.51,2499654
8/21/2018 16:00,145.97,3106876
8/22/2018 16:00,145.24,2388961
8/23/2018 16:00,145.37,2220603
8/24/2018 16:00,146.04,2776813
8/27/2018 16:00,146.69,3491565
8/28/2018 16:00,146.59,2455328
8/29/2018 16:00,147.54,3153845
8/30/2018 16:00,145.93,3340369
8/31/2018 16:00,146.48,3488476
9/4/2018 16:00,145.68,3326153
9/5/2018 16:00,146.66,3126540
9/6/2018 16:00,146.39,4248831
9/7/2018 16:00,145.45,4693127
9/10/2018 16:00,145.65,3618292
9/11/2018 16:00,146.49,3374774
9/12/2018 16:00,146.57,4506679
9/13/2018 16:00,148.95,5346540
9/14/2018 16:00,148.33,3452144
9/17/2018 16:00,147.94,3551882
9/18/2018 16:00,148.56,3629596
9/19/2018 16:00,149.06,4246382
9/20/2018 16:00,151.15,5952223
9/21/2018 16:00,151.35,19947878
9/24/2018 16:00,150.03,4264984
9/25/2018 16:00,148.91,4397457
9/26/2018 16:00,151.61,7401862
9/27/2018 16:00,151.5,3477643
9/28/2018 16:00,151.21,3305798
10/1/2018 16:00,153,3757419
10/2/2018 16:00,153.75,3030125
10/3/2018 16:00,153.22,3315298
10/4/2018 16:00,151.31,4238143
10/5/2018 16:00,149.03,4602252
10/8/2018 16:00,148.39,3239347
10/9/2018 16:00,147.24,3642496
10/10/2018 16:00,142.69,5547697
10/11/2018 16:00,139.02,8710491
10/12/2018 16:00,140.85,6563403
10/15/2018 16:00,141.13,4965533
10/16/2018 16:00,145.12,8695489
10/17/2018 16:00,134.05,19463962
10/18/2018 16:00,130.55,10011678
10/19/2018 16:00,129.1,7791636
10/22/2018 16:00,130.02,5719518
10/23/2018 16:00,131.21,6463580
10/24/2018 16:00,127.21,5710320
10/25/2018 16:00,126.45,10304327
10/26/2018 16:00,124.79,8767029
10/29/2018 16:00,119.64,20450448
10/30/2018 16:00,115.4,21458594
10/31/2018 16:00,115.43,21644978
11/1/2018 16:00,116.83,13626730
11/2/2018 16:00,115.67,10592681
11/5/2018 16:00,120.06,9144598
11/6/2018 16:00,123.12,9597392
11/7/2018 16:00,124.84,12382666
11/8/2018 16:00,123.38,10396439
11/9/2018 16:00,123.54,6961902
11/12/2018 16:00,120.9,5379113
11/13/2018 16:00,120.84,4084385
11/14/2018 16:00,120.2,4762275
11/15/2018 16:00,121.44,5207973
11/16/2018 16:00,121.57,4076315
11/19/2018 16:00,120.31,4131238
11/20/2018 16:00,117.2,6233777
11/21/2018 16:00,118.57,5335842
11/23/2018 13:00,117.19,2334730
11/26/2018 16:00,119.56,5011130
11/27/2018 16:00,120.03,4903771
11/28/2018 16:00,123,5104520
11/29/2018 16:00,121.48,5200113
11/30/2018 16:00,124.27,7251590
12/3/2018 16:00,125.31,5843112
12/4/2018 16:00,121.6,6000697
12/6/2018 16:00,123.91,6938049
12/7/2018 16:00,119.34,7019616
12/10/2018 16:00,121.13,6549506
12/11/2018 16:00,120.89,5043081
12/12/2018 16:00,121.16,3560790
12/13/2018 16:00,120.73,3993597
12/14/2018 16:00,119.9,4554204
12/17/2018 16:00,116.1,7374476
12/18/2018 16:00,116.65,6290186
12/19/2018 16:00,116.43,6979823
12/20/2018 16:00,113.02,8454350
12/21/2018 16:00,110.94,10386453
12/24/2018 13:00,107.57,3821376
12/26/2018 16:00,111.39,6645794
12/27/2018 16:00,113.78,6045590
12/28/2018 16:00,113.03,5117533
12/31/2018 16:00,113.67,4982755
1/2/2019 16:00,115.21,4239924
1/3/2019 16:00,112.91,4346659
1/4/2019 16:00,117.32,4477755
1/7/2019 16:00,118.15,3751204
1/8/2019 16:00,119.83,4763636
1/9/2019 16:00,120.69,3633663
1/10/2019 16:00,121.79,3909971
1/11/2019 16:00,121.46,3722370
1/14/2019 16:00,120.39,5228909
1/15/2019 16:00,121.73,3507719
1/16/2019 16:00,121.62,3841100
1/17/2019 16:00,122.19,5029871
1/18/2019 16:00,123.82,6008509
1/22/2019 16:00,122.52,10052384
1/23/2019 16:00,132.89,22063666
1/24/2019 16:00,132.53,6322928
1/25/2019 16:00,133.97,5708500
1/28/2019 16:00,134.27,5357736
1/29/2019 16:00,134.33,5037129
1/30/2019 16:00,134.38,4500919
1/31/2019 16:00,134.42,4884031
2/1/2019 16:00,134.1,3806047
2/4/2019 16:00,135.19,3966597
2/5/2019 16:00,135.55,5398907
2/6/2019 16:00,136.32,4879670
2/7/2019 16:00,133.19,4379439
2/8/2019 16:00,133.71,3250074
2/11/2019 16:00,133.99,3095069
2/12/2019 16:00,136.05,3317161
2/13/2019 16:00,137.52,4253042
2/14/2019 16:00,136.48,2789839
2/15/2019 16:00,138.03,3844062
2/19/2019 16:00,138.7,3385675
2/20/2019 16:00,138,3801979
2/21/2019 16:00,137.84,2937467
2/22/2019 16:00,139.25,3113698
2/25/2019 16:00,139.46,3194161
2/26/2019 16:00,139.72,3060381
2/27/2019 16:00,139.17,2530968
2/28/2019 16:00,138.13,3457788
3/1/2019 16:00,139.2,3030044
3/4/2019 16:00,138.43,3407217
3/5/2019 16:00,137.88,4250650
3/6/2019 16:00,136.98,2768256
3/7/2019 16:00,135.36,4358802
3/8/2019 16:00,135.09,3773722
3/11/2019 16:00,137.71,3939517
3/12/2019 16:00,138.28,3954653
3/13/2019 16:00,138.56,3173179
3/14/2019 16:00,138.79,2738790
3/15/2019 16:00,139.43,7153687
3/18/2019 16:00,140.21,3268510
3/19/2019 16:00,140.49,3482336
3/20/2019 16:00,139.6,3649455
3/21/2019 16:00,141.44,3605420
3/22/2019 16:00,139.45,3877616
3/25/2019 16:00,139.18,2839766
3/26/2019 16:00,140.22,2553708
3/27/2019 16:00,139.24,3098233
3/28/2019 16:00,139.92,2663884
3/29/2019 16:00,141.1,3101454
4/1/2019 16:00,143.3,3984250
4/2/2019 16:00,143,2404920
4/3/2019 16:00,143.63,2681645
4/4/2019 16:00,142.78,2771462
4/5/2019 16:00,143.28,2731985
4/8/2019 16:00,143.39,2118228
4/9/2019 16:00,142.11,3038460
4/10/2019 16:00,143.02,2678310
4/11/2019 16:00,143.78,2941985
4/12/2019 16:00,144.35,2898899
4/15/2019 16:00,143.9,3603158
4/16/2019 16:00,145.14,6301671
4/17/2019 16:00,139.11,12525693
4/18/2019 16:00,140.33,4960015
4/22/2019 16:00,138.89,4494333
4/23/2019 16:00,140.44,4462240
4/24/2019 16:00,139.95,2774867
4/25/2019 16:00,138.63,2910113
4/26/2019 16:00,139.44,2319834
4/29/2019 16:00,139.05,2958333
4/30/2019 16:00,140.27,4638828
5/1/2019 16:00,140.56,3053683
5/2/2019 16:00,139.59,3541352
5/3/2019 16:00,140.25,2580034
5/6/2019 16:00,140.38,2793655
5/7/2019 16:00,137.64,4726771
5/8/2019 16:00,138,3818909
5/9/2019 16:00,135.34,4192942
5/10/2019 16:00,135.32,3977686
5/13/2019 16:00,131.42,4958021
5/14/2019 16:00,133.31,3280374
5/15/2019 16:00,134.4,2551009
5/16/2019 16:00,135.88,3017472
5/17/2019 16:00,134.32,2619135
5/20/2019 16:00,135.12,3264649
5/21/2019 16:00,136.45,2503504
5/22/2019 16:00,136.35,1849821
5/23/2019 16:00,132.39,5343437
5/24/2019 16:00,132.28,2596121
5/28/2019 16:00,130.46,4909121
5/29/2019 16:00,129.69,3678978
5/30/2019 16:00,129.57,2741880
5/31/2019 16:00,126.99,3539343
6/3/2019 16:00,128.27,4267080
6/4/2019 16:00,132.69,3913535
6/5/2019 16:00,131.49,3161584
6/6/2019 16:00,132.22,2298248
6/7/2019 16:00,133.31,2553398
6/10/2019 16:00,134.74,2911327
6/11/2019 16:00,135.95,3407345
6/12/2019 16:00,134.87,2254741
6/13/2019 16:00,135.76,2955419
6/14/2019 16:00,135.15,2193367
6/17/2019 16:00,134.95,2194129
6/18/2019 16:00,136.38,2914698
6/19/2019 16:00,137.08,2382520
6/20/2019 16:00,138.85,3071017
6/21/2019 16:00,139.2,5288759
6/24/2019 16:00,139.35,2186137
6/25/2019 16:00,138.36,2801251
6/26/2019 16:00,138.52,2284567
6/27/2019 16:00,138.52,2149824
6/28/2019 16:00,137.9,6154039
7/1/2019 16:00,139.88,3387184
7/2/2019 16:00,140.22,2410092
7/3/2019 13:00,141.54,1930361
7/5/2019 16:00,141.38,2135085
7/8/2019 16:00,140.57,2395487
7/9/2019 16:00,139.33,3365227
7/10/2019 16:00,140.47,2513931
7/11/2019 16:00,141.24,2133327
7/12/2019 16:00,142.74,2786276
7/15/2019 16:00,143.32,2368309
7/16/2019 16:00,143.53,3474688
7/17/2019 16:00,143.07,6064265
7/18/2019 16:00,149.63,12695387
7/19/2019 16:00,149.68,7290678
7/22/2019 16:00,149.74,4093239
7/23/2019 16:00,150.38,3742204
7/24/2019 16:00,150.03,2952435
7/25/2019 16:00,150.39,3102113
7/26/2019 16:00,151.36,2904494
7/29/2019 16:00,150.88,2075528
7/30/2019 16:00,149.77,2632726
7/31/2019 16:00,148.24,3722907
8/1/2019 16:00,150.32,6344006
8/2/2019 16:00,147.25,8101720
8/5/2019 16:00,140.76,7114871
8/6/2019 16:00,140.73,5070650
8/7/2019 16:00,139.11,5931883
8/8/2019 16:00,140.1,5261444
8/9/2019 16:00,136.13,5244594
8/12/2019 16:00,133.67,4083850
8/13/2019 16:00,135.79,4551170
8/14/2019 16:00,131.25,5114159
8/15/2019 16:00,131.92,3738945
8/16/2019 16:00,133.76,3011993
8/19/2019 16:00,135.04,3165436
8/20/2019 16:00,133,3018934
8/21/2019 16:00,134.25,2806774
8/22/2019 16:00,134.32,2695009
8/23/2019 16:00,129.57,4818759
8/26/2019 16:00,129.99,2836837
8/27/2019 16:00,131.17,4728392
8/28/2019 16:00,132.76,2720362
8/29/2019 16:00,134.88,2972842
8/30/2019 16:00,135.53,2960594
9/3/2019 16:00,134.1,2828242
9/4/2019 16:00,136.32,2262081
9/5/2019 16:00,140.97,5012914
9/6/2019 16:00,140.57,2577200
9/9/2019 16:00,142.6,4226944
9/10/2019 16:00,145.05,4979741
9/11/2019 16:00,143.6,3869731
9/12/2019 16:00,143.62,2505432
9/13/2019 16:00,143.67,2206612
9/16/2019 16:00,142.48,1928500
9/17/2019 16:00,142.2,2940494
9/18/2019 16:00,142.22,1995159
9/19/2019 16:00,142.97,3182092
9/20/2019 16:00,141.88,5217881
9/23/2019 16:00,142.07,1850061
9/24/2019 16:00,141.68,3311171
9/25/2019 16:00,143.16,2546205
9/26/2019 16:00,143.55,2314542
9/27/2019 16:00,143.24,2357082
9/30/2019 16:00,145.42,4004429
10/1/2019 16:00,143.66,2973714
10/2/2019 16:00,141.69,3347276
10/3/2019 16:00,142.02,3161718
10/4/2019 16:00,142.99,2449483
10/7/2019 16:00,141.28,2488799
10/8/2019 16:00,138.38,3344083
10/9/2019 16:00,139.67,2633472
10/10/2019 16:00,141.13,2646693
10/11/2019 16:00,142.76,3018669
10/14/2019 16:00,142.04,2325609
10/15/2019 16:00,143,3046999
10/16/2019 16:00,142.11,5915705
10/17/2019 16:00,134.26,15830810
10/18/2019 16:00,134.09,7178379
10/21/2019 16:00,132.58,6372983
10/22/2019 16:00,133.96,4195803
10/23/2019 16:00,134.38,3627345
10/24/2019 16:00,134.07,2619309
10/25/2019 16:00,135.44,2579055
10/28/2019 16:00,135.97,3226132
10/29/2019 16:00,133.82,4160718
10/30/2019 16:00,135.25,2252989
10/31/2019 16:00,133.73,3412119
11/1/2019 16:00,135.53,3089789
11/4/2019 16:00,137.67,3335389
11/5/2019 16:00,137.89,3014961
11/6/2019 16:00,138.78,4477291
11/7/2019 16:00,137.69,4073908
11/8/2019 16:00,137.61,2278602
11/11/2019 16:00,135.47,2568755
11/12/2019 16:00,135.59,3046536
11/13/2019 16:00,134.48,3060924
11/14/2019 16:00,134,4231471
11/15/2019 16:00,134.4,3262656
11/18/2019 16:00,134.31,3210872
11/19/2019 16:00,134.52,2995071
11/20/2019 16:00,133.2,4140148
11/21/2019 16:00,133.84,3345343
11/22/2019 16:00,134.34,3297797
11/25/2019 16:00,135.97,2590170
11/26/2019 16:00,135.09,3793337
11/27/2019 16:00,133.77,3282827
11/29/2019 13:00,134.45,1825255
12/2/2019 16:00,132.91,3067831
12/3/2019 16:00,132.12,3711071
12/4/2019 16:00,131.99,3530773
12/5/2019 16:00,131.91,3598578
12/6/2019 16:00,133.22,3437994
12/9/2019 16:00,133.92,2978801
12/10/2019 16:00,133.91,3480385
12/11/2019 16:00,133.76,3953311
12/12/2019 16:00,135.32,4824186
12/13/2019 16:00,134.21,2534970
12/16/2019 16:00,134.13,3049325
12/17/2019 16:00,134.22,2907547
12/18/2019 16:00,134.41,3102353
12/19/2019 16:00,134.56,3866717
12/20/2019 16:00,135.59,7112072
12/23/2019 16:00,135.55,2803168
12/24/2019 13:00,134.98,1202087
12/26/2019 16:00,134.91,2130706
12/27/2019 16:00,135.27,2752706
12/30/2019 16:00,132.81,4118937
12/31/2019 16:00,134.04,3778012
1/2/2020 16:00,135.42,3148833
1/3/2020 16:00,134.34,2373676
1/6/2020 16:00,134.1,2426305
1/7/2020 16:00,134.19,3275968
1/8/2020 16:00,135.31,4346140
1/9/2020 16:00,136.74,3732830
1/10/2020 16:00,136.69,3255641
1/13/2020 16:00,136.6,3531572
1/14/2020 16:00,135.82,3683458
1/15/2020 16:00,136.62,4045952
1/16/2020 16:00,137.98,4320911
1/17/2020 16:00,138.31,5623336
1/21/2020 16:00,139.17,7244079
1/22/2020 16:00,143.89,16470431
1/23/2020 16:00,142.87,5657790
1/24/2020 16:00,140.56,5580189
1/27/2020 16:00,138.62,4166562
1/28/2020 16:00,139.55,3451557
1/29/2020 16:00,137.69,3054714
1/30/2020 16:00,136.77,5057906
1/31/2020 16:00,143.73,18994560
2/3/2020 16:00,146.27,8887502
2/4/2020 16:00,149.11,5620966
2/5/2020 16:00,156.33,14386823
2/6/2020 16:00,156.76,8400545
2/7/2020 16:00,153.41,6423429
2/10/2020 16:00,154.43,5239807
2/11/2020 16:00,153.48,3835112
2/12/2020 16:00,155.31,4438007
2/13/2020 16:00,154.31,3820697
2/14/2020 16:00,150.7,6099244
2/18/2020 16:00,151.1,3343514
2/19/2020 16:00,150.86,2733277
2/20/2020 16:00,151.22,2880709
2/21/2020 16:00,149.84,3537258
2/24/2020 16:00,146.43,5452408
2/25/2020 16:00,141.71,6211547
2/26/2020 16:00,139.75,5409537
2/27/2020 16:00,133.11,8421125
2/28/2020 16:00,130.15,13012228
3/2/2020 16:00,134.3,8531415
3/3/2020 16:00,128.9,7896068
3/4/2020 16:00,134.22,4996370
3/5/2020 16:00,129.55,5446227
3/6/2020 16:00,127.73,8193257
3/9/2020 16:00,117.81,10757487
3/10/2020 16:00,124.77,11410688
3/11/2020 16:00,117.97,8451038
3/12/2020 16:00,102.81,12512655
3/13/2020 16:00,107.95,12502113
3/16/2020 16:00,99.08,10567960
3/17/2020 16:00,106.65,9258338
3/18/2020 16:00,103.55,8772460
3/19/2020 16:00,100.34,8396521
3/20/2020 16:00,95.39,10546455
3/23/2020 16:00,94.77,9729393
3/24/2020 16:00,105.48,7973944
3/25/2020 16:00,105.85,8654047
3/26/2020 16:00,112.89,7158052
3/27/2020 16:00,108.03,6423038
3/30/2020 16:00,112.93,5564541
3/31/2020 16:00,110.93,6346676
4/1/2020 16:00,105.14,6112947
4/2/2020 16:00,110,6328674
4/3/2020 16:00,106.34,4538750
4/6/2020 16:00,114.82,7034193
4/7/2020 16:00,114.94,5595329
4/8/2020 16:00,119.29,5158641
4/9/2020 16:00,121.5,5576815
4/13/2020 16:00,121.15,5119713
4/14/2020 16:00,123.91,5088660
4/15/2020 16:00,118.69,5637341
4/16/2020 16:00,115.73,6457556
4/17/2020 16:00,120.12,4965992
4/20/2020 16:00,120.41,8181736
4/21/2020 16:00,116.76,14349032
4/22/2020 16:00,119.31,7087869
4/23/2020 16:00,121.35,6881615
4/24/2020 16:00,124.72,4987346
4/27/2020 16:00,125.92,4923806
4/28/2020 16:00,126.27,4778144
4/29/2020 16:00,128.69,5257579
4/30/2020 16:00,125.56,6635783
5/1/2020 16:00,121.87,4925535
5/4/2020 16:00,121.68,4017877
5/5/2020 16:00,122.58,3899416
5/6/2020 16:00,123.17,3864589
5/7/2020 16:00,121.23,4414328
5/8/2020 16:00,122.99,5003939
5/11/2020 16:00,122.59,3535276
5/12/2020 16:00,120.26,4784457
5/13/2020 16:00,115.73,5882813
5/14/2020 16:00,116.95,5259373
5/15/2020 16:00,116.98,4786330
5/18/2020 16:00,121.56,4207593
5/19/2020 16:00,120.29,3241117
5/20/2020 16:00,121.38,3840858
5/21/2020 16:00,119.12,4000863
5/22/2020 16:00,118.39,4180771
5/26/2020 16:00,121.76,5469282
5/27/2020 16:00,125.54,5727496
5/28/2020 16:00,124.53,3916377
5/29/2020 16:00,124.9,7930467
6/1/2020 16:00,124.89,2883294
6/2/2020 16:00,126,2978056
6/3/2020 16:00,129.05,3917746
6/4/2020 16:00,128.89,3864785
6/5/2020 16:00,132.06,5892960
6/8/2020 16:00,135.75,5370469
6/9/2020 16:00,131.87,5393644
6/10/2020 16:00,129.87,4734835
6/11/2020 16:00,118.01,11763629
6/12/2020 16:00,121.91,6220327
6/15/2020 16:00,121.65,5151240
6/16/2020 16:00,125.15,5609087
6/17/2020 16:00,124.15,3156836
6/18/2020 16:00,124.16,2865362
6/19/2020 16:00,122.47,8092354
6/22/2020 16:00,121.07,4773499
6/23/2020 16:00,119.41,6632605
6/24/2020 16:00,116.42,6750990
6/25/2020 16:00,119.03,6130626
6/26/2020 16:00,117.19,10750107
6/29/2020 16:00,119.75,4159488
6/30/2020 16:00,120.77,3919469
7/1/2020 16:00,118.54,4655765
7/2/2020 16:00,119.7,3746958
7/6/2020 16:00,120.19,4045439
7/7/2020 16:00,117.58,4278307
7/8/2020 16:00,117.71,5192806
7/9/2020 16:00,115.71,4762991
7/10/2020 16:00,118.35,4285705
7/13/2020 16:00,119.2,4650651
7/14/2020 16:00,120.6,4534397
7/15/2020 16:00,123,4473400
7/16/2020 16:00,124.01,4330917
7/17/2020 16:00,125.11,3988460
7/20/2020 16:00,126.37,9927668
7/21/2020 16:00,126.06,15364948
7/22/2020 16:00,128.67,8195366
7/23/2020 16:00,127.33,4220136
7/24/2020 16:00,125.79,3531076
7/27/2020 16:00,126.21,3733547
7/28/2020 16:00,124.47,4178176
7/29/2020 16:00,125.32,2833141
7/30/2020 16:00,122.9,3988062
7/31/2020 16:00,122.94,5277652
8/3/2020 16:00,124.31,3526574
8/4/2020 16:00,125.84,3431366
8/5/2020 16:00,125.45,3675400
8/6/2020 16:00,126.12,3417131
8/7/2020 16:00,124.96,3651226
8/10/2020 16:00,127.11,3968295
8/11/2020 16:00,126.75,5001176
8/12/2020 16:00,126.7,3530177
8/13/2020 16:00,125.03,3171258
8/14/2020 16:00,125.27,2963753
8/17/2020 16:00,124.44,3360064
8/18/2020 16:00,124.92,2882355
8/19/2020 16:00,123.84,3743949
8/20/2020 16:00,123.15,2561164
8/21/2020 16:00,123.16,3385051
8/24/2020 16:00,125.68,4070816
8/25/2020 16:00,124.64,2977697
8/26/2020 16:00,124.17,3388687
8/27/2020 16:00,124.65,3422654
8/28/2020 16:00,125.07,3099940
8/31/2020 16:00,123.31,4827879
9/1/2020 16:00,123.4,3155623
9/2/2020 16:00,128.18,6592430
9/3/2020 16:00,124.45,5716750
9/4/2020 16:00,122.3,6018238
9/8/2020 16:00,121.21,5210292
9/9/2020 16:00,122.26,3770678
9/10/2020 16:00,120.56,3978805
9/11/2020 16:00,121.46,3548091
9/14/2020 16:00,122.09,3641887
9/15/2020 16:00,122.44,2915221
9/16/2020 16:00,124.22,3789458
9/17/2020 16:00,124.92,3171262
9/18/2020 16:00,122.76,5391570
9/21/2020 16:00,120.25,5311441
9/22/2020 16:00,120.51,2957809
9/23/2020 16:00,118.83,3939398
9/24/2020 16:00,118.09,3546160
9/25/2020 16:00,118.95,2953686
9/28/2020 16:00,121.73,3509576
9/29/2020 16:00,120.94,2130564
9/30/2020 16:00,121.67,3261235
10/1/2020 16:00,121.09,3211661
10/2/2020 16:00,120.57,2925228
10/5/2020 16:00,122.01,3050949
10/6/2020 16:00,121.97,3872265
10/7/2020 16:00,124.07,2815663
10/8/2020 16:00,131.49,25288926
10/9/2020 16:00,127.79,8353704
10/12/2020 16:00,127.21,4635115
10/13/2020 16:00,125.1,5406088
10/14/2020 16:00,125.94,3730139
10/15/2020 16:00,124.89,3389301
10/16/2020 16:00,125.93,4714320
10/19/2020 16:00,125.52,7478735
10/20/2020 16:00,117.37,21501073
10/21/2020 16:00,115.06,9755308
10/22/2020 16:00,115.76,7858158
10/23/2020 16:00,116,3893362
10/26/2020 16:00,112.22,7203366
10/27/2020 16:00,110.56,5936106
10/28/2020 16:00,106.65,9427321
10/29/2020 16:00,108.91,6760241
10/30/2020 16:00,111.66,7923882
11/2/2020 16:00,112.91,5311497
11/3/2020 16:00,114.16,4204287
11/4/2020 16:00,111.9,5800071
11/5/2020 16:00,114.77,4902206
11/6/2020 16:00,114.04,5249171
11/9/2020 16:00,115.53,8992152
11/10/2020 16:00,117.91,5622756
