,,,,,
,,IBM,,,
,,,,,
,Date,Close,,Date,Volume
,1/3/2017 16:00:00,167.19,,1/3/2017 16:00:00,2934119
,1/4/2017 16:00:00,169.26,,1/4/2017 16:00:00,3381432
,1/5/2017 16:00:00,168.7,,1/5/2017 16:00:00,2682181
,1/6/2017 16:00:00,169.53,,1/6/2017 16:00:00,2945536
,1/9/2017 16:00:00,167.65,,1/9/2017 16:00:00,3189413
,1/10/2017 16:00:00,165.52,,1/10/2017 16:00:00,4118194
,1/11/2017 16:00:00,167.75,,1/11/2017 16:00:00,3599464
,1/12/2017 16:00:00,167.95,,1/12/2017 16:00:00,2927953
,1/13/2017 16:00:00,167.34,,1/13/2017 16:00:00,2875319
,1/17/2017 16:00:00,167.89,,1/17/2017 16:00:00,3315305
,1/18/2017 16:00:00,166.8,,1/18/2017 16:00:00,4005776
,1/19/2017 16:00:00,166.81,,1/19/2017 16:00:00,6947882
,1/20/2017 16:00:00,170.55,,1/20/2017 16:00:00,12607197
,1/23/2017 16:00:00,171.03,,1/23/2017 16:00:00,5477519
,1/24/2017 16:00:00,175.9,,1/24/2017 16:00:00,6951386
,1/25/2017 16:00:00,178.29,,1/25/2017 16:00:00,5922462
,1/26/2017 16:00:00,178.66,,1/26/2017 16:00:00,3063924
,1/27/2017 16:00:00,177.3,,1/27/2017 16:00:00,3482110
,1/30/2017 16:00:00,175.8,,1/30/2017 16:00:00,4093755
,1/31/2017 16:00:00,174.52,,1/31/2017 16:00:00,4134574
,2/1/2017 16:00:00,174.29,,2/1/2017 16:00:00,2795445
,2/2/2017 16:00:00,174.58,,2/2/2017 16:00:00,2620386
,2/3/2017 16:00:00,175.82,,2/3/2017 16:00:00,3309258
,2/6/2017 16:00:00,175.86,,2/6/2017 16:00:00,2650535
,2/7/2017 16:00:00,178.46,,2/7/2017 16:00:00,3873250
,2/8/2017 16:00:00,176.17,,2/8/2017 16:00:00,2913126
,2/9/2017 16:00:00,177.21,,2/9/2017 16:00:00,3090710
,2/10/2017 16:00:00,178.68,,2/10/2017 16:00:00,2930510
,2/13/2017 16:00:00,179.36,,2/13/2017 16:00:00,3093261
,2/14/2017 16:00:00,180.13,,2/14/2017 16:00:00,2775858
,2/15/2017 16:00:00,181.68,,2/15/2017 16:00:00,2914240
,2/16/2017 16:00:00,181.43,,2/16/2017 16:00:00,3251547
,2/17/2017 16:00:00,180.67,,2/17/2017 16:00:00,3552305
,2/21/2017 16:00:00,180.26,,2/21/2017 16:00:00,4480199
,2/22/2017 16:00:00,181.15,,2/22/2017 16:00:00,3020540
,2/23/2017 16:00:00,181.65,,2/23/2017 16:00:00,2282526
,2/24/2017 16:00:00,181.35,,2/24/2017 16:00:00,3299093
,2/27/2017 16:00:00,179.4,,2/27/2017 16:00:00,3691317
,2/28/2017 16:00:00,179.82,,2/28/2017 16:00:00,3273420
,3/1/2017 16:00:00,181.95,,3/1/2017 16:00:00,3005248
,3/2/2017 16:00:00,180.53,,3/2/2017 16:00:00,2918153
,3/3/2017 16:00:00,180.05,,3/3/2017 16:00:00,1825013
,3/6/2017 16:00:00,180.47,,3/6/2017 16:00:00,3203804
,3/7/2017 16:00:00,180.38,,3/7/2017 16:00:00,2977626
,3/8/2017 16:00:00,179.45,,3/8/2017 16:00:00,3557396
,3/9/2017 16:00:00,177.18,,3/9/2017 16:00:00,5443882
,3/10/2017 16:00:00,177.83,,3/10/2017 16:00:00,3100316
,3/13/2017 16:00:00,176.46,,3/13/2017 16:00:00,3482189
,3/14/2017 16:00:00,175.72,,3/14/2017 16:00:00,3147497
,3/15/2017 16:00:00,175.81,,3/15/2017 16:00:00,3813810
,3/16/2017 16:00:00,177.24,,3/16/2017 16:00:00,4311838
,3/17/2017 16:00:00,175.65,,3/17/2017 16:00:00,5920267
,3/20/2017 16:00:00,175.7,,3/20/2017 16:00:00,2475875
,3/21/2017 16:00:00,173.88,,3/21/2017 16:00:00,3927541
,3/22/2017 16:00:00,174.78,,3/22/2017 16:00:00,3450362
,3/23/2017 16:00:00,174.82,,3/23/2017 16:00:00,3739976
,3/24/2017 16:00:00,173.83,,3/24/2017 16:00:00,3221672
,3/27/2017 16:00:00,173.77,,3/27/2017 16:00:00,3259023
,3/28/2017 16:00:00,174.51,,3/28/2017 16:00:00,3523370
,3/29/2017 16:00:00,173.94,,3/29/2017 16:00:00,3084865
,3/30/2017 16:00:00,173.86,,3/30/2017 16:00:00,3168254
,3/31/2017 16:00:00,174.14,,3/31/2017 16:00:00,2913509
,4/3/2017 16:00:00,174.5,,4/3/2017 16:00:00,4286498
,4/4/2017 16:00:00,174.52,,4/4/2017 16:00:00,3108870
,4/5/2017 16:00:00,172.88,,4/5/2017 16:00:00,6238854
,4/6/2017 16:00:00,172.45,,4/6/2017 16:00:00,3435363
,4/7/2017 16:00:00,172.14,,4/7/2017 16:00:00,3588302
,4/10/2017 16:00:00,171.2,,4/10/2017 16:00:00,3789786
,4/11/2017 16:00:00,170.58,,4/11/2017 16:00:00,4891871
,4/12/2017 16:00:00,170.66,,4/12/2017 16:00:00,3276921
,4/13/2017 16:00:00,169.53,,4/13/2017 16:00:00,3205462
,4/17/2017 16:00:00,171.1,,4/17/2017 16:00:00,3719605
,4/18/2017 16:00:00,170.05,,4/18/2017 16:00:00,6305863
,4/19/2017 16:00:00,161.69,,4/19/2017 16:00:00,19283389
,4/20/2017 16:00:00,162.3,,4/20/2017 16:00:00,6486809
,4/21/2017 16:00:00,160.38,,4/21/2017 16:00:00,5606940
,4/24/2017 16:00:00,160.75,,4/24/2017 16:00:00,5320608
,4/25/2017 16:00:00,160.39,,4/25/2017 16:00:00,4858329
,4/26/2017 16:00:00,160.06,,4/26/2017 16:00:00,4327991
,4/27/2017 16:00:00,160.32,,4/27/2017 16:00:00,4122908
,4/28/2017 16:00:00,160.29,,4/28/2017 16:00:00,4154109
,5/1/2017 16:00:00,158.84,,5/1/2017 16:00:00,4934859
,5/2/2017 16:00:00,159.1,,5/2/2017 16:00:00,3208234
,5/3/2017 16:00:00,158.63,,5/3/2017 16:00:00,3993292
,5/4/2017 16:00:00,159.05,,5/4/2017 16:00:00,4280613
,5/5/2017 16:00:00,155.05,,5/5/2017 16:00:00,12517190
,5/8/2017 16:00:00,153.03,,5/8/2017 16:00:00,7491055
,5/9/2017 16:00:00,152.11,,5/9/2017 16:00:00,6851963
,5/10/2017 16:00:00,151.25,,5/10/2017 16:00:00,4999811
,5/11/2017 16:00:00,150.65,,5/11/2017 16:00:00,5627962
,5/12/2017 16:00:00,150.37,,5/12/2017 16:00:00,3715302
,5/15/2017 16:00:00,151.51,,5/15/2017 16:00:00,4233971
,5/16/2017 16:00:00,153.68,,5/16/2017 16:00:00,5513690
,5/17/2017 16:00:00,150.93,,5/17/2017 16:00:00,5189344
,5/18/2017 16:00:00,150.78,,5/18/2017 16:00:00,3274371
,5/19/2017 16:00:00,151.98,,5/19/2017 16:00:00,5643263
,5/22/2017 16:00:00,152.64,,5/22/2017 16:00:00,3302139
,5/23/2017 16:00:00,152.03,,5/23/2017 16:00:00,2564503
,5/24/2017 16:00:00,152.51,,5/24/2017 16:00:00,3732399
,5/25/2017 16:00:00,153.2,,5/25/2017 16:00:00,2582814
,5/26/2017 16:00:00,152.49,,5/26/2017 16:00:00,2443363
,5/30/2017 16:00:00,151.73,,5/30/2017 16:00:00,3666032
,5/31/2017 16:00:00,152.63,,5/31/2017 16:00:00,3543404
,6/1/2017 16:00:00,152.67,,6/1/2017 16:00:00,2918122
,6/2/2017 16:00:00,152.05,,6/2/2017 16:00:00,3585701
,6/5/2017 16:00:00,152.41,,6/5/2017 16:00:00,3975068
,6/6/2017 16:00:00,152.37,,6/6/2017 16:00:00,3797173
,6/7/2017 16:00:00,150.98,,6/7/2017 16:00:00,4862960
,6/8/2017 16:00:00,152.1,,6/8/2017 16:00:00,3708962
,6/9/2017 16:00:00,154.1,,6/9/2017 16:00:00,4361174
,6/12/2017 16:00:00,155.18,,6/12/2017 16:00:00,6470545
,6/13/2017 16:00:00,154.25,,6/13/2017 16:00:00,3523529
,6/14/2017 16:00:00,153.81,,6/14/2017 16:00:00,3049724
,6/15/2017 16:00:00,154.22,,6/15/2017 16:00:00,4654197
,6/16/2017 16:00:00,155.38,,6/16/2017 16:00:00,6741763
,6/19/2017 16:00:00,154.84,,6/19/2017 16:00:00,4629492
,6/20/2017 16:00:00,154.95,,6/20/2017 16:00:00,4481805
,6/21/2017 16:00:00,153.79,,6/21/2017 16:00:00,3959414
,6/22/2017 16:00:00,154.4,,6/22/2017 16:00:00,2376481
,6/23/2017 16:00:00,154.11,,6/23/2017 16:00:00,3282201
,6/26/2017 16:00:00,155.23,,6/26/2017 16:00:00,2153343
,6/27/2017 16:00:00,154.75,,6/27/2017 16:00:00,2386491
,6/28/2017 16:00:00,155.32,,6/28/2017 16:00:00,2217329
,6/29/2017 16:00:00,154.13,,6/29/2017 16:00:00,3262159
,6/30/2017 16:00:00,153.83,,6/30/2017 16:00:00,3571536
,7/3/2017 16:00:00,155.58,,7/3/2017 16:00:00,2822651
,7/5/2017 16:00:00,153.67,,7/5/2017 16:00:00,3564354
,7/6/2017 16:00:00,152.36,,7/6/2017 16:00:00,2757522
,7/7/2017 16:00:00,152.94,,7/7/2017 16:00:00,2460060
,7/10/2017 16:00:00,153.42,,7/10/2017 16:00:00,3206209
,7/11/2017 16:00:00,153.19,,7/11/2017 16:00:00,3447509
,7/12/2017 16:00:00,153.7,,7/12/2017 16:00:00,3097850
,7/13/2017 16:00:00,153.63,,7/13/2017 16:00:00,2476112
,7/14/2017 16:00:00,154.24,,7/14/2017 16:00:00,3256218
,7/17/2017 16:00:00,153.01,,7/17/2017 16:00:00,4761245
,7/18/2017 16:00:00,154,,7/18/2017 16:00:00,7524443
,7/19/2017 16:00:00,147.53,,7/19/2017 16:00:00,14292355
,7/20/2017 16:00:00,147.66,,7/20/2017 16:00:00,7211974
,7/21/2017 16:00:00,147.08,,7/21/2017 16:00:00,6509459
,7/24/2017 16:00:00,145.99,,7/24/2017 16:00:00,3877310
,7/25/2017 16:00:00,146.19,,7/25/2017 16:00:00,4208850
,7/26/2017 16:00:00,145.36,,7/26/2017 16:00:00,3932331
,7/27/2017 16:00:00,145.07,,7/27/2017 16:00:00,6430508
,7/28/2017 16:00:00,144.29,,7/28/2017 16:00:00,3054710
,7/31/2017 16:00:00,144.67,,7/31/2017 16:00:00,4355507
,8/1/2017 16:00:00,145.3,,8/1/2017 16:00:00,3219325
,8/2/2017 16:00:00,144.45,,8/2/2017 16:00:00,3539739
,8/3/2017 16:00:00,144.94,,8/3/2017 16:00:00,3035213
,8/4/2017 16:00:00,145.16,,8/4/2017 16:00:00,2549397
,8/7/2017 16:00:00,143.47,,8/7/2017 16:00:00,4617942
,8/8/2017 16:00:00,142.11,,8/8/2017 16:00:00,3297788
,8/9/2017 16:00:00,141.77,,8/9/2017 16:00:00,2925706
,8/10/2017 16:00:00,141.84,,8/10/2017 16:00:00,4525159
,8/11/2017 16:00:00,141.84,,8/11/2017 16:00:00,3004210
,8/14/2017 16:00:00,142.32,,8/14/2017 16:00:00,2248107
,8/15/2017 16:00:00,142.07,,8/15/2017 16:00:00,4681545
,8/16/2017 16:00:00,142.5,,8/16/2017 16:00:00,3287556
,8/17/2017 16:00:00,140.7,,8/17/2017 16:00:00,4421762
,8/18/2017 16:00:00,139.7,,8/18/2017 16:00:00,4152549
,8/21/2017 16:00:00,140.33,,8/21/2017 16:00:00,3190691
,8/22/2017 16:00:00,141.01,,8/22/2017 16:00:00,2544346
,8/23/2017 16:00:00,142.14,,8/23/2017 16:00:00,4048017
,8/24/2017 16:00:00,142.94,,8/24/2017 16:00:00,3591673
,8/25/2017 16:00:00,143.74,,8/25/2017 16:00:00,2872893
,8/28/2017 16:00:00,142.51,,8/28/2017 16:00:00,5133981
,8/29/2017 16:00:00,143.14,,8/29/2017 16:00:00,3008020
,8/30/2017 16:00:00,142.56,,8/30/2017 16:00:00,2735966
,8/31/2017 16:00:00,143.03,,8/31/2017 16:00:00,3656428
,9/1/2017 16:00:00,144.08,,9/1/2017 16:00:00,3351705
,9/5/2017 16:00:00,143.04,,9/5/2017 16:00:00,3098700
,9/6/2017 16:00:00,143.82,,9/6/2017 16:00:00,3271344
,9/7/2017 16:00:00,142.9,,9/7/2017 16:00:00,4188154
,9/8/2017 16:00:00,142.45,,9/8/2017 16:00:00,3366144
,9/11/2017 16:00:00,144.86,,9/11/2017 16:00:00,4613381
,9/12/2017 16:00:00,145.76,,9/12/2017 16:00:00,5237848
,9/13/2017 16:00:00,145.99,,9/13/2017 16:00:00,4100980
,9/14/2017 16:00:00,145.54,,9/14/2017 16:00:00,3756699
,9/15/2017 16:00:00,144.82,,9/15/2017 16:00:00,7397233
,9/18/2017 16:00:00,144.55,,9/18/2017 16:00:00,3019514
,9/19/2017 16:00:00,144.39,,9/19/2017 16:00:00,3464383
,9/20/2017 16:00:00,145.88,,9/20/2017 16:00:00,5447519
,9/21/2017 16:00:00,145.26,,9/21/2017 16:00:00,2554596
,9/22/2017 16:00:00,145.13,,9/22/2017 16:00:00,2792200
,9/25/2017 16:00:00,145.87,,9/25/2017 16:00:00,5213144
,9/26/2017 16:00:00,146.56,,9/26/2017 16:00:00,4487620
,9/27/2017 16:00:00,145.66,,9/27/2017 16:00:00,3501906
,9/28/2017 16:00:00,145.66,,9/28/2017 16:00:00,2774775
,9/29/2017 16:00:00,145.08,,9/29/2017 16:00:00,2654321
,10/2/2017 16:00:00,146.66,,10/2/2017 16:00:00,2973073
,10/3/2017 16:00:00,146.78,,10/3/2017 16:00:00,2302699
,10/4/2017 16:00:00,146.48,,10/4/2017 16:00:00,2244033
,10/5/2017 16:00:00,146.72,,10/5/2017 16:00:00,2686539
,10/6/2017 16:00:00,146.48,,10/6/2017 16:00:00,2623174
,10/9/2017 16:00:00,147.39,,10/9/2017 16:00:00,2682556
,10/10/2017 16:00:00,148.5,,10/10/2017 16:00:00,4032601
,10/11/2017 16:00:00,147.62,,10/11/2017 16:00:00,3702238
,10/12/2017 16:00:00,147.03,,10/12/2017 16:00:00,3264344
,10/13/2017 16:00:00,147.1,,10/13/2017 16:00:00,2506584
,10/16/2017 16:00:00,146.83,,10/16/2017 16:00:00,3052091
,10/17/2017 16:00:00,146.54,,10/17/2017 16:00:00,6372393
,10/18/2017 16:00:00,159.53,,10/18/2017 16:00:00,30490192
,10/19/2017 16:00:00,160.9,,10/19/2017 16:00:00,9914169
,10/20/2017 16:00:00,162.07,,10/20/2017 16:00:00,7868803
,10/23/2017 16:00:00,159.55,,10/23/2017 16:00:00,5779378
,10/24/2017 16:00:00,155.88,,10/24/2017 16:00:00,8194690
,10/25/2017 16:00:00,153.5,,10/25/2017 16:00:00,6921137
,10/26/2017 16:00:00,153.6,,10/26/2017 16:00:00,4300543
,10/27/2017 16:00:00,153.68,,10/27/2017 16:00:00,4895186
,10/30/2017 16:00:00,154.36,,10/30/2017 16:00:00,4210402
,10/31/2017 16:00:00,154.06,,10/31/2017 16:00:00,4328258
,11/1/2017 16:00:00,154.03,,11/1/2017 16:00:00,3240246
,11/2/2017 16:00:00,153.35,,11/2/2017 16:00:00,3397628
,11/3/2017 16:00:00,151.58,,11/3/2017 16:00:00,4431825
,11/6/2017 16:00:00,150.84,,11/6/2017 16:00:00,4498871
,11/7/2017 16:00:00,151.35,,11/7/2017 16:00:00,3701052
,11/8/2017 16:00:00,151.57,,11/8/2017 16:00:00,4634439
,11/9/2017 16:00:00,150.3,,11/9/2017 16:00:00,4776532
,11/10/2017 16:00:00,149.16,,11/10/2017 16:00:00,4307276
,11/13/2017 16:00:00,148.4,,11/13/2017 16:00:00,5107546
,11/14/2017 16:00:00,148.89,,11/14/2017 16:00:00,3757951
,11/15/2017 16:00:00,147.1,,11/15/2017 16:00:00,4773328
,11/16/2017 16:00:00,149.12,,11/16/2017 16:00:00,5446453
,11/17/2017 16:00:00,148.97,,11/17/2017 16:00:00,4916500
,11/20/2017 16:00:00,150.51,,11/20/2017 16:00:00,5676495
,11/21/2017 16:00:00,151.95,,11/21/2017 16:00:00,3756184
,11/22/2017 16:00:00,151.77,,11/22/2017 16:00:00,3213596
,11/24/2017 13:00:00,151.84,,11/24/2017 13:00:00,1193025
,11/27/2017 16:00:00,151.98,,11/27/2017 16:00:00,3374042
,11/28/2017 16:00:00,152.47,,11/28/2017 16:00:00,3973670
,11/29/2017 16:00:00,153.55,,11/29/2017 16:00:00,5098702
,11/30/2017 16:00:00,153.97,,11/30/2017 16:00:00,6500769
,12/1/2017 16:00:00,154.76,,12/1/2017 16:00:00,5567852
,12/4/2017 16:00:00,156.46,,12/4/2017 16:00:00,4664316
,12/5/2017 16:00:00,155.35,,12/5/2017 16:00:00,5068043
,12/6/2017 16:00:00,154.1,,12/6/2017 16:00:00,3410728
,12/7/2017 16:00:00,153.57,,12/7/2017 16:00:00,3771429
,12/8/2017 16:00:00,154.81,,12/8/2017 16:00:00,3520281
,12/11/2017 16:00:00,155.41,,12/11/2017 16:00:00,4102719
,12/12/2017 16:00:00,156.74,,12/12/2017 16:00:00,6321801
,12/13/2017 16:00:00,153.91,,12/13/2017 16:00:00,5661618
,12/14/2017 16:00:00,154,,12/14/2017 16:00:00,4637440
,12/15/2017 16:00:00,152.5,,12/15/2017 16:00:00,11279854
,12/18/2017 16:00:00,153.33,,12/18/2017 16:00:00,5092838
,12/19/2017 16:00:00,153.23,,12/19/2017 16:00:00,4116449
,12/20/2017 16:00:00,152.95,,12/20/2017 16:00:00,3785667
,12/21/2017 16:00:00,151.5,,12/21/2017 16:00:00,4153935
,12/22/2017 16:00:00,152.5,,12/22/2017 16:00:00,2990583
,12/26/2017 16:00:00,152.83,,12/26/2017 16:00:00,2479017
,12/27/2017 16:00:00,153.13,,12/27/2017 16:00:00,2149257
,12/28/2017 16:00:00,154.04,,12/28/2017 16:00:00,2687624
,12/29/2017 16:00:00,153.42,,12/29/2017 16:00:00,3327087
,1/2/2018 16:00:00,154.25,,1/2/2018 16:00:00,4202503
,1/3/2018 16:00:00,158.49,,1/3/2018 16:00:00,9441567
,1/4/2018 16:00:00,161.7,,1/4/2018 16:00:00,7556249
,1/5/2018 16:00:00,162.49,,1/5/2018 16:00:00,5195764
,1/8/2018 16:00:00,163.47,,1/8/2018 16:00:00,5237523
,1/9/2018 16:00:00,163.83,,1/9/2018 16:00:00,4341810
,1/10/2018 16:00:00,164.18,,1/10/2018 16:00:00,4174105
,1/11/2018 16:00:00,164.2,,1/11/2018 16:00:00,3794453
,1/12/2018 16:00:00,163.14,,1/12/2018 16:00:00,5031886
,1/16/2018 16:00:00,163.85,,1/16/2018 16:00:00,7794195
,1/17/2018 16:00:00,168.65,,1/17/2018 16:00:00,11710033
,1/18/2018 16:00:00,169.12,,1/18/2018 16:00:00,14259345
,1/19/2018 16:00:00,162.37,,1/19/2018 16:00:00,21172488
,1/22/2018 16:00:00,162.6,,1/22/2018 16:00:00,8480795
,1/23/2018 16:00:00,166.25,,1/23/2018 16:00:00,7466232
,1/24/2018 16:00:00,165.37,,1/24/2018 16:00:00,5645003
,1/25/2018 16:00:00,165.47,,1/25/2018 16:00:00,3302520
,1/26/2018 16:00:00,167.34,,1/26/2018 16:00:00,3787913
,1/29/2018 16:00:00,166.8,,1/29/2018 16:00:00,3516995
,1/30/2018 16:00:00,163.62,,1/30/2018 16:00:00,4902341
,1/31/2018 16:00:00,163.7,,1/31/2018 16:00:00,4072830
,2/1/2018 16:00:00,162.4,,2/1/2018 16:00:00,4434242
,2/2/2018 16:00:00,159.03,,2/2/2018 16:00:00,5251938
,2/5/2018 16:00:00,152.53,,2/5/2018 16:00:00,8746599
,2/6/2018 16:00:00,155.34,,2/6/2018 16:00:00,9867678
,2/7/2018 16:00:00,153.85,,2/7/2018 16:00:00,6149207
,2/8/2018 16:00:00,147.59,,2/8/2018 16:00:00,6779095
,2/9/2018 16:00:00,149.51,,2/9/2018 16:00:00,7828290
,2/12/2018 16:00:00,151.4,,2/12/2018 16:00:00,5881377
,2/13/2018 16:00:00,150.75,,2/13/2018 16:00:00,4891010
,2/14/2018 16:00:00,154.76,,2/14/2018 16:00:00,5479033
,2/15/2018 16:00:00,156.01,,2/15/2018 16:00:00,5623581
,2/16/2018 16:00:00,156.18,,2/16/2018 16:00:00,4282908
,2/20/2018 16:00:00,155.16,,2/20/2018 16:00:00,4489604
,2/21/2018 16:00:00,153.96,,2/21/2018 16:00:00,3728571
,2/22/2018 16:00:00,153.18,,2/22/2018 16:00:00,4024627
,2/23/2018 16:00:00,155.52,,2/23/2018 16:00:00,3256074
,2/26/2018 16:00:00,158.58,,2/26/2018 16:00:00,3610292
,2/27/2018 16:00:00,156.55,,2/27/2018 16:00:00,4237283
,2/28/2018 16:00:00,155.83,,2/28/2018 16:00:00,3803512
,3/1/2018 16:00:00,153.81,,3/1/2018 16:00:00,4039339
,3/2/2018 16:00:00,154.49,,3/2/2018 16:00:00,3261141
,3/5/2018 16:00:00,156.95,,3/5/2018 16:00:00,3670630
,3/6/2018 16:00:00,155.72,,3/6/2018 16:00:00,3685736
,3/7/2018 16:00:00,158.32,,3/7/2018 16:00:00,4607677
,3/8/2018 16:00:00,156.21,,3/8/2018 16:00:00,6455612
,3/9/2018 16:00:00,159.31,,3/9/2018 16:00:00,5022238
,3/12/2018 16:00:00,160.26,,3/12/2018 16:00:00,5063497
,3/13/2018 16:00:00,159.32,,3/13/2018 16:00:00,4185590
,3/14/2018 16:00:00,158.12,,3/14/2018 16:00:00,3631825
,3/15/2018 16:00:00,159.61,,3/15/2018 16:00:00,3870595
,3/16/2018 16:00:00,160.26,,3/16/2018 16:00:00,9262656
,3/19/2018 16:00:00,157.35,,3/19/2018 16:00:00,5481983
,3/20/2018 16:00:00,156.2,,3/20/2018 16:00:00,4336738
,3/21/2018 16:00:00,156.69,,3/21/2018 16:00:00,3482184
,3/22/2018 16:00:00,152.09,,3/22/2018 16:00:00,4746349
,3/23/2018 16:00:00,148.89,,3/23/2018 16:00:00,4440883
,3/26/2018 16:00:00,153.37,,3/26/2018 16:00:00,4103904
,3/27/2018 16:00:00,151.91,,3/27/2018 16:00:00,3883745
,3/28/2018 16:00:00,152.52,,3/28/2018 16:00:00,3664826
,3/29/2018 16:00:00,153.43,,3/29/2018 16:00:00,3419959
,4/2/2018 16:00:00,150.07,,4/2/2018 16:00:00,5150435
,4/3/2018 16:00:00,149.85,,4/3/2018 16:00:00,4135696
,4/4/2018 16:00:00,154.12,,4/4/2018 16:00:00,4805261
,4/5/2018 16:00:00,154.03,,4/5/2018 16:00:00,3185388
,4/6/2018 16:00:00,150.57,,4/6/2018 16:00:00,3672919
,4/9/2018 16:00:00,152.69,,4/9/2018 16:00:00,4413178
,4/10/2018 16:00:00,155.39,,4/10/2018 16:00:00,3955952
,4/11/2018 16:00:00,155.36,,4/11/2018 16:00:00,3306539
,4/12/2018 16:00:00,158.07,,4/12/2018 16:00:00,5639444
,4/13/2018 16:00:00,156.71,,4/13/2018 16:00:00,4057058
,4/16/2018 16:00:00,157.89,,4/16/2018 16:00:00,4186755
,4/17/2018 16:00:00,160.91,,4/17/2018 16:00:00,10207534
,4/18/2018 16:00:00,148.79,,4/18/2018 16:00:00,20381695
,4/19/2018 16:00:00,147.7,,4/19/2018 16:00:00,8086056
,4/20/2018 16:00:00,144.9,,4/20/2018 16:00:00,8265643
,4/23/2018 16:00:00,145.86,,4/23/2018 16:00:00,5315625
,4/24/2018 16:00:00,145.56,,4/24/2018 16:00:00,4916476
,4/25/2018 16:00:00,145.94,,4/25/2018 16:00:00,7326379
,4/26/2018 16:00:00,146.72,,4/26/2018 16:00:00,4265812
,4/27/2018 16:00:00,146.48,,4/27/2018 16:00:00,3205482
,4/30/2018 16:00:00,144.96,,4/30/2018 16:00:00,4415533
,5/1/2018 16:00:00,145,,5/1/2018 16:00:00,4433393
,5/2/2018 16:00:00,142.45,,5/2/2018 16:00:00,5194917
,5/3/2018 16:00:00,141.99,,5/3/2018 16:00:00,5018592
,5/4/2018 16:00:00,143.91,,5/4/2018 16:00:00,4402170
,5/7/2018 16:00:00,143.22,,5/7/2018 16:00:00,3657009
,5/8/2018 16:00:00,143,,5/8/2018 16:00:00,5369119
,5/9/2018 16:00:00,142.61,,5/9/2018 16:00:00,4195953
,5/10/2018 16:00:00,144.24,,5/10/2018 16:00:00,3726608
,5/11/2018 16:00:00,144.14,,5/11/2018 16:00:00,3073167
,5/14/2018 16:00:00,144.3,,5/14/2018 16:00:00,3216062
,5/15/2018 16:00:00,143.74,,5/15/2018 16:00:00,4089397
,5/16/2018 16:00:00,144.63,,5/16/2018 16:00:00,3168659
,5/17/2018 16:00:00,144.5,,5/17/2018 16:00:00,3147659
,5/18/2018 16:00:00,144.5,,5/18/2018 16:00:00,1818
,5/21/2018 16:00:00,145.49,,5/21/2018 16:00:00,2894698
,5/22/2018 16:00:00,145.09,,5/22/2018 16:00:00,2284020
,5/23/2018 16:00:00,144.67,,5/23/2018 16:00:00,3459747
,5/24/2018 16:00:00,144.07,,5/24/2018 16:00:00,3398701
,5/25/2018 16:00:00,143.64,,5/25/2018 16:00:00,4914294
,5/29/2018 16:00:00,141.22,,5/29/2018 16:00:00,4537638
,5/30/2018 16:00:00,142.62,,5/30/2018 16:00:00,5118530
,5/31/2018 16:00:00,141.31,,5/31/2018 16:00:00,6830256
,6/1/2018 16:00:00,141.95,,6/1/2018 16:00:00,3857530
,6/4/2018 16:00:00,143.04,,6/4/2018 16:00:00,3035257
,6/5/2018 16:00:00,143.7,,6/5/2018 16:00:00,2836017
,6/6/2018 16:00:00,144.71,,6/6/2018 16:00:00,3220139
,6/7/2018 16:00:00,145.36,,6/7/2018 16:00:00,4316484
,6/8/2018 16:00:00,146.14,,6/8/2018 16:00:00,5210468
,6/11/2018 16:00:00,146.58,,6/11/2018 16:00:00,3259986
,6/12/2018 16:00:00,146.87,,6/12/2018 16:00:00,2640515
,6/13/2018 16:00:00,146.35,,6/13/2018 16:00:00,2968180
,6/14/2018 16:00:00,145.2,,6/14/2018 16:00:00,3326343
,6/15/2018 16:00:00,145.39,,6/15/2018 16:00:00,9116048
,6/18/2018 16:00:00,144.48,,6/18/2018 16:00:00,4286406
,6/19/2018 16:00:00,143.9,,6/19/2018 16:00:00,3487015
,6/20/2018 16:00:00,142.63,,6/20/2018 16:00:00,3329917
,6/21/2018 16:00:00,141.25,,6/21/2018 16:00:00,3887650
,6/22/2018 16:00:00,141.28,,6/22/2018 16:00:00,6013678
,6/25/2018 16:00:00,138.79,,6/25/2018 16:00:00,8937085
,6/26/2018 16:00:00,139.08,,6/26/2018 16:00:00,4139455
,6/27/2018 16:00:00,137.48,,6/27/2018 16:00:00,4101828
,6/28/2018 16:00:00,140.04,,6/28/2018 16:00:00,4523666
,6/29/2018 16:00:00,139.7,,6/29/2018 16:00:00,3753684
,7/2/2018 16:00:00,139.86,,7/2/2018 16:00:00,3405642
,7/3/2018 13:00:00,139.57,,7/3/2018 13:00:00,1963232
,7/5/2018 16:00:00,141.43,,7/5/2018 16:00:00,3744730
,7/6/2018 16:00:00,142.48,,7/6/2018 16:00:00,2910426
,7/9/2018 16:00:00,144.39,,7/9/2018 16:00:00,3904652
,7/10/2018 16:00:00,144.71,,7/10/2018 16:00:00,3776991
,7/11/2018 16:00:00,144.94,,7/11/2018 16:00:00,3526565
,7/12/2018 16:00:00,146.45,,7/12/2018 16:00:00,3119505
,7/13/2018 16:00:00,145.9,,7/13/2018 16:00:00,3067638
,7/16/2018 16:00:00,145.46,,7/16/2018 16:00:00,3468817
,7/17/2018 16:00:00,143.49,,7/17/2018 16:00:00,5096741
,7/18/2018 16:00:00,144.52,,7/18/2018 16:00:00,6935288
,7/19/2018 16:00:00,149.24,,7/19/2018 16:00:00,14655804
,7/20/2018 16:00:00,146.35,,7/20/2018 16:00:00,6415972
,7/23/2018 16:00:00,145.7,,7/23/2018 16:00:00,3897892
,7/24/2018 16:00:00,146.38,,7/24/2018 16:00:00,3891625
,7/25/2018 16:00:00,146.62,,7/25/2018 16:00:00,3623182
,7/26/2018 16:00:00,146.71,,7/26/2018 16:00:00,4778022
,7/27/2018 16:00:00,145.15,,7/27/2018 16:00:00,3749642
,7/30/2018 16:00:00,145.49,,7/30/2018 16:00:00,3608283
,7/31/2018 16:00:00,144.93,,7/31/2018 16:00:00,5474478
,8/1/2018 16:00:00,143.5,,8/1/2018 16:00:00,3388386
,8/2/2018 16:00:00,142.96,,8/2/2018 16:00:00,3841447
,8/3/2018 16:00:00,147.7,,8/3/2018 16:00:00,8053567
,8/6/2018 16:00:00,146.03,,8/6/2018 16:00:00,3913743
,8/7/2018 16:00:00,147.01,,8/7/2018 16:00:00,3508758
,8/8/2018 16:00:00,146.89,,8/8/2018 16:00:00,3581746
,8/9/2018 16:00:00,144.77,,8/9/2018 16:00:00,3093504
,8/10/2018 16:00:00,144.48,,8/10/2018 16:00:00,3003158
,8/13/2018 16:00:00,142.71,,8/13/2018 16:00:00,2858842
,8/14/2018 16:00:00,143.36,,8/14/2018 16:00:00,2860041
,8/15/2018 16:00:00,143.91,,8/15/2018 16:00:00,4241496
,8/16/2018 16:00:00,145.34,,8/16/2018 16:00:00,5250878
,8/17/2018 16:00:00,146.06,,8/17/2018 16:00:00,2678820
,8/20/2018 16:00:00,146.51,,8/20/2018 16:00:00,2499654
,8/21/2018 16:00:00,145.97,,8/21/2018 16:00:00,3106876
,8/22/2018 16:00:00,145.24,,8/22/2018 16:00:00,2388961
,8/23/2018 16:00:00,145.37,,8/23/2018 16:00:00,2220603
,8/24/2018 16:00:00,146.04,,8/24/2018 16:00:00,2776813
,8/27/2018 16:00:00,146.69,,8/27/2018 16:00:00,3491565
,8/28/2018 16:00:00,146.59,,8/28/2018 16:00:00,2455328
,8/29/2018 16:00:00,147.54,,8/29/2018 16:00:00,3153845
,8/30/2018 16:00:00,145.93,,8/30/2018 16:00:00,3340369
,8/31/2018 16:00:00,146.48,,8/31/2018 16:00:00,3488476
,9/4/2018 16:00:00,145.68,,9/4/2018 16:00:00,3326153
,9/5/2018 16:00:00,146.66,,9/5/2018 16:00:00,3126540
,9/6/2018 16:00:00,146.39,,9/6/2018 16:00:00,4248831
,9/7/2018 16:00:00,145.45,,9/7/2018 16:00:00,4693127
,9/10/2018 16:00:00,145.65,,9/10/2018 16:00:00,3618292
,9/11/2018 16:00:00,146.49,,9/11/2018 16:00:00,3374774
,9/12/2018 16:00:00,146.57,,9/12/2018 16:00:00,4506679
,9/13/2018 16:00:00,148.95,,9/13/2018 16:00:00,5346540
,9/14/2018 16:00:00,148.33,,9/14/2018 16:00:00,3452144
,9/17/2018 16:00:00,147.94,,9/17/2018 16:00:00,3551882
,9/18/2018 16:00:00,148.56,,9/18/2018 16:00:00,3629596
,9/19/2018 16:00:00,149.06,,9/19/2018 16:00:00,4246382
,9/20/2018 16:00:00,151.15,,9/20/2018 16:00:00,5952223
,9/21/2018 16:00:00,151.35,,9/21/2018 16:00:00,19947878
,9/24/2018 16:00:00,150.03,,9/24/2018 16:00:00,4264984
,9/25/2018 16:00:00,148.91,,9/25/2018 16:00:00,4397457
,9/26/2018 16:00:00,151.61,,9/26/2018 16:00:00,7401862
,9/27/2018 16:00:00,151.5,,9/27/2018 16:00:00,3477643
,9/28/2018 16:00:00,151.21,,9/28/2018 16:00:00,3305798
,10/1/2018 16:00:00,153,,10/1/2018 16:00:00,3757419
,10/2/2018 16:00:00,153.75,,10/2/2018 16:00:00,3030125
,10/3/2018 16:00:00,153.22,,10/3/2018 16:00:00,3315298
,10/4/2018 16:00:00,151.31,,10/4/2018 16:00:00,4238143
,10/5/2018 16:00:00,149.03,,10/5/2018 16:00:00,4602252
,10/8/2018 16:00:00,148.39,,10/8/2018 16:00:00,3239347
,10/9/2018 16:00:00,147.24,,10/9/2018 16:00:00,3642496
,10/10/2018 16:00:00,142.69,,10/10/2018 16:00:00,5547697
,10/11/2018 16:00:00,139.02,,10/11/2018 16:00:00,8710491
,10/12/2018 16:00:00,140.85,,10/12/2018 16:00:00,6563403
,10/15/2018 16:00:00,141.13,,10/15/2018 16:00:00,4965533
,10/16/2018 16:00:00,145.12,,10/16/2018 16:00:00,8695489
,10/17/2018 16:00:00,134.05,,10/17/2018 16:00:00,19463962
,10/18/2018 16:00:00,130.55,,10/18/2018 16:00:00,10011678
,10/19/2018 16:00:00,129.1,,10/19/2018 16:00:00,7791636
,10/22/2018 16:00:00,130.02,,10/22/2018 16:00:00,5719518
,10/23/2018 16:00:00,131.21,,10/23/2018 16:00:00,6463580
,10/24/2018 16:00:00,127.21,,10/24/2018 16:00:00,5710320
,10/25/2018 16:00:00,126.45,,10/25/2018 16:00:00,10304327
,10/26/2018 16:00:00,124.79,,10/26/2018 16:00:00,8767029
,10/29/2018 16:00:00,119.64,,10/29/2018 16:00:00,20450448
,10/30/2018 16:00:00,115.4,,10/30/2018 16:00:00,21458594
,10/31/2018 16:00:00,115.43,,10/31/2018 16:00:00,21644978
,11/1/2018 16:00:00,116.83,,11/1/2018 16:00:00,13626730
,11/2/2018 16:00:00,115.67,,11/2/2018 16:00:00,10592681
,11/5/2018 16:00:00,120.06,,11/5/2018 16:00:00,9144598
,11/6/2018 16:00:00,123.12,,11/6/2018 16:00:00,9597392
,11/7/2018 16:00:00,124.84,,11/7/2018 16:00:00,12382666
,11/8/2018 16:00:00,123.38,,11/8/2018 16:00:00,10396439
,11/9/2018 16:00:00,123.54,,11/9/2018 16:00:00,6961902
,11/12/2018 16:00:00,120.9,,11/12/2018 16:00:00,5379113
,11/13/2018 16:00:00,120.84,,11/13/2018 16:00:00,4084385
,11/14/2018 16:00:00,120.2,,11/14/2018 16:00:00,4762275
,11/15/2018 16:00:00,121.44,,11/15/2018 16:00:00,5207973
,11/16/2018 16:00:00,121.57,,11/16/2018 16:00:00,4076315
,11/19/2018 16:00:00,120.31,,11/19/2018 16:00:00,4131238
,11/20/2018 16:00:00,117.2,,11/20/2018 16:00:00,6233777
,11/21/2018 16:00:00,118.57,,11/21/2018 16:00:00,5335842
,11/23/2018 13:00:00,117.19,,11/23/2018 13:00:00,2334730
,11/26/2018 16:00:00,119.56,,11/26/2018 16:00:00,5011130
,11/27/2018 16:00:00,120.03,,11/27/2018 16:00:00,4903771
,11/28/2018 16:00:00,123,,11/28/2018 16:00:00,5104520
,11/29/2018 16:00:00,121.48,,11/29/2018 16:00:00,5200113
,11/30/2018 16:00:00,124.27,,11/30/2018 16:00:00,7251590
,12/3/2018 16:00:00,125.31,,12/3/2018 16:00:00,5843112
,12/4/2018 16:00:00,121.6,,12/4/2018 16:00:00,6000697
,12/6/2018 16:00:00,123.91,,12/6/2018 16:00:00,6938049
,12/7/2018 16:00:00,119.34,,12/7/2018 16:00:00,7019616
,12/10/2018 16:00:00,121.13,,12/10/2018 16:00:00,6549506
,12/11/2018 16:00:00,120.89,,12/11/2018 16:00:00,5043081
,12/12/2018 16:00:00,121.16,,12/12/2018 16:00:00,3560790
,12/13/2018 16:00:00,120.73,,12/13/2018 16:00:00,3993597
,12/14/2018 16:00:00,119.9,,12/14/2018 16:00:00,4554204
,12/17/2018 16:00:00,116.1,,12/17/2018 16:00:00,7374476
,12/18/2018 16:00:00,116.65,,12/18/2018 16:00:00,6290186
,12/19/2018 16:00:00,116.43,,12/19/2018 16:00:00,6979823
,12/20/2018 16:00:00,113.02,,12/20/2018 16:00:00,8454350
,12/21/2018 16:00:00,110.94,,12/21/2018 16:00:00,10386453
,12/24/2018 13:00:00,107.57,,12/24/2018 13:00:00,3821376
,12/26/2018 16:00:00,111.39,,12/26/2018 16:00:00,6645794
,12/27/2018 16:00:00,113.78,,12/27/2018 16:00:00,6045590
,12/28/2018 16:00:00,113.03,,12/28/2018 16:00:00,5117533
,12/31/2018 16:00:00,113.67,,12/31/2018 16:00:00,4982755
,1/2/2019 16:00:00,115.21,,1/2/2019 16:00:00,4239924
,1/3/2019 16:00:00,112.91,,1/3/2019 16:00:00,4346659
,1/4/2019 16:00:00,117.32,,1/4/2019 16:00:00,4477755
,1/7/2019 16:00:00,118.15,,1/7/2019 16:00:00,3751204
,1/8/2019 16:00:00,119.83,,1/8/2019 16:00:00,4763636
,1/9/2019 16:00:00,120.69,,1/9/2019 16:00:00,3633663
,1/10/2019 16:00:00,121.79,,1/10/2019 16:00:00,3909971
,1/11/2019 16:00:00,121.46,,1/11/2019 16:00:00,3722370
,1/14/2019 16:00:00,120.39,,1/14/2019 16:00:00,5228909
,1/15/2019 16:00:00,121.73,,1/15/2019 16:00:00,3507719
,1/16/2019 16:00:00,121.62,,1/16/2019 16:00:00,3841100
,1/17/2019 16:00:00,122.19,,1/17/2019 16:00:00,5029871
,1/18/2019 16:00:00,123.82,,1/18/2019 16:00:00,6008509
,1/22/2019 16:00:00,122.52,,1/22/2019 16:00:00,10052384
,1/23/2019 16:00:00,132.89,,1/23/2019 16:00:00,22063666
,1/24/2019 16:00:00,132.53,,1/24/2019 16:00:00,6322928
,1/25/2019 16:00:00,133.97,,1/25/2019 16:00:00,5708500
,1/28/2019 16:00:00,134.27,,1/28/2019 16:00:00,5357736
,1/29/2019 16:00:00,134.33,,1/29/2019 16:00:00,5037129
,1/30/2019 16:00:00,134.38,,1/30/2019 16:00:00,4500919
,1/31/2019 16:00:00,134.42,,1/31/2019 16:00:00,4884031
,2/1/2019 16:00:00,134.1,,2/1/2019 16:00:00,3806047
,2/4/2019 16:00:00,135.19,,2/4/2019 16:00:00,3966597
,2/5/2019 16:00:00,135.55,,2/5/2019 16:00:00,5398907
,2/6/2019 16:00:00,136.32,,2/6/2019 16:00:00,4879670
,2/7/2019 16:00:00,133.19,,2/7/2019 16:00:00,4379439
,2/8/2019 16:00:00,133.71,,2/8/2019 16:00:00,3250074
,2/11/2019 16:00:00,133.99,,2/11/2019 16:00:00,3095069
,2/12/2019 16:00:00,136.05,,2/12/2019 16:00:00,3317161
,2/13/2019 16:00:00,137.52,,2/13/2019 16:00:00,4253042
,2/14/2019 16:00:00,136.48,,2/14/2019 16:00:00,2789839
,2/15/2019 16:00:00,138.03,,2/15/2019 16:00:00,3844062
,2/19/2019 16:00:00,138.7,,2/19/2019 16:00:00,3385675
,2/20/2019 16:00:00,138,,2/20/2019 16:00:00,3801979
,2/21/2019 16:00:00,137.84,,2/21/2019 16:00:00,2937467
,2/22/2019 16:00:00,139.25,,2/22/2019 16:00:00,3113698
,2/25/2019 16:00:00,139.46,,2/25/2019 16:00:00,3194161
,2/26/2019 16:00:00,139.72,,2/26/2019 16:00:00,3060381
,2/27/2019 16:00:00,139.17,,2/27/2019 16:00:00,2530968
,2/28/2019 16:00:00,138.13,,2/28/2019 16:00:00,3457788
,3/1/2019 16:00:00,139.2,,3/1/2019 16:00:00,3030044
,3/4/2019 16:00:00,138.43,,3/4/2019 16:00:00,3407217
,3/5/2019 16:00:00,137.88,,3/5/2019 16:00:00,4250650
,3/6/2019 16:00:00,136.98,,3/6/2019 16:00:00,2768256
,3/7/2019 16:00:00,135.36,,3/7/2019 16:00:00,4358802
,3/8/2019 16:00:00,135.09,,3/8/2019 16:00:00,3773722
,3/11/2019 16:00:00,137.71,,3/11/2019 16:00:00,3939517
,3/12/2019 16:00:00,138.28,,3/12/2019 16:00:00,3954653
,3/13/2019 16:00:00,138.56,,3/13/2019 16:00:00,3173179
,3/14/2019 16:00:00,138.79,,3/14/2019 16:00:00,2738790
,3/15/2019 16:00:00,139.43,,3/15/2019 16:00:00,7153687
,3/18/2019 16:00:00,140.21,,3/18/2019 16:00:00,3268510
,3/19/2019 16:00:00,140.49,,3/19/2019 16:00:00,3482336
,3/20/2019 16:00:00,139.6,,3/20/2019 16:00:00,3649455
,3/21/2019 16:00:00,141.44,,3/21/2019 16:00:00,3605420
,3/22/2019 16:00:00,139.45,,3/22/2019 16:00:00,3877616
,3/25/2019 16:00:00,139.18,,3/25/2019 16:00:00,2839766
,3/26/2019 16:00:00,140.22,,3/26/2019 16:00:00,2553708
,3/27/2019 16:00:00,139.24,,3/27/2019 16:00:00,3098233
,3/28/2019 16:00:00,139.92,,3/28/2019 16:00:00,2663884
,3/29/2019 16:00:00,141.1,,3/29/2019 16:00:00,3101454
,4/1/2019 16:00:00,143.3,,4/1/2019 16:00:00,3984250
,4/2/2019 16:00:00,143,,4/2/2019 16:00:00,2404920
,4/3/2019 16:00:00,143.63,,4/3/2019 16:00:00,2681645
,4/4/2019 16:00:00,142.78,,4/4/2019 16:00:00,2771462
,4/5/2019 16:00:00,143.28,,4/5/2019 16:00:00,2731985
,4/8/2019 16:00:00,143.39,,4/8/2019 16:00:00,2118228
,4/9/2019 16:00:00,142.11,,4/9/2019 16:00:00,3038460
,4/10/2019 16:00:00,143.02,,4/10/2019 16:00:00,2678310
,4/11/2019 16:00:00,143.78,,4/11/2019 16:00:00,2941985
,4/12/2019 16:00:00,144.35,,4/12/2019 16:00:00,2898899
,4/15/2019 16:00:00,143.9,,4/15/2019 16:00:00,3603158
,4/16/2019 16:00:00,145.14,,4/16/2019 16:00:00,6301671
,4/17/2019 16:00:00,139.11,,4/17/2019 16:00:00,12525693
,4/18/2019 16:00:00,140.33,,4/18/2019 16:00:00,4960015
,4/22/2019 16:00:00,138.89,,4/22/2019 16:00:00,4494333
,4/23/2019 16:00:00,140.44,,4/23/2019 16:00:00,4462240
,4/24/2019 16:00:00,139.95,,4/24/2019 16:00:00,2774867
,4/25/2019 16:00:00,138.63,,4/25/2019 16:00:00,2910113
,4/26/2019 16:00:00,139.44,,4/26/2019 16:00:00,2319834
,4/29/2019 16:00:00,139.05,,4/29/2019 16:00:00,2958333
,4/30/2019 16:00:00,140.27,,4/30/2019 16:00:00,4638828
,5/1/2019 16:00:00,140.56,,5/1/2019 16:00:00,3053683
,5/2/2019 16:00:00,139.59,,5/2/2019 16:00:00,3541352
,5/3/2019 16:00:00,140.25,,5/3/2019 16:00:00,2580034
,5/6/2019 16:00:00,140.38,,5/6/2019 16:00:00,2793655
,5/7/2019 16:00:00,137.64,,5/7/2019 16:00:00,4726771
,5/8/2019 16:00:00,138,,5/8/2019 16:00:00,3818909
,5/9/2019 16:00:00,135.34,,5/9/2019 16:00:00,4192942
,5/10/2019 16:00:00,135.32,,5/10/2019 16:00:00,3977686
,5/13/2019 16:00:00,131.42,,5/13/2019 16:00:00,4958021
,5/14/2019 16:00:00,133.31,,5/14/2019 16:00:00,3280374
,5/15/2019 16:00:00,134.4,,5/15/2019 16:00:00,2551009
,5/16/2019 16:00:00,135.88,,5/16/2019 16:00:00,3017472
,5/17/2019 16:00:00,134.32,,5/17/2019 16:00:00,2619135
,5/20/2019 16:00:00,135.12,,5/20/2019 16:00:00,3264649
,5/21/2019 16:00:00,136.45,,5/21/2019 16:00:00,2503504
,5/22/2019 16:00:00,136.35,,5/22/2019 16:00:00,1849821
,5/23/2019 16:00:00,132.39,,5/23/2019 16:00:00,5343437
,5/24/2019 16:00:00,132.28,,5/24/2019 16:00:00,2596121
,5/28/2019 16:00:00,130.46,,5/28/2019 16:00:00,4909121
,5/29/2019 16:00:00,129.69,,5/29/2019 16:00:00,3678978
,5/30/2019 16:00:00,129.57,,5/30/2019 16:00:00,2741880
,5/31/2019 16:00:00,126.99,,5/31/2019 16:00:00,3539343
,6/3/2019 16:00:00,128.27,,6/3/2019 16:00:00,4267080
,6/4/2019 16:00:00,132.69,,6/4/2019 16:00:00,3913535
,6/5/2019 16:00:00,131.49,,6/5/2019 16:00:00,3161584
,6/6/2019 16:00:00,132.22,,6/6/2019 16:00:00,2298248
,6/7/2019 16:00:00,133.31,,6/7/2019 16:00:00,2553398
,6/10/2019 16:00:00,134.74,,6/10/2019 16:00:00,2911327
,6/11/2019 16:00:00,135.95,,6/11/2019 16:00:00,3407345
,6/12/2019 16:00:00,134.87,,6/12/2019 16:00:00,2254741
,6/13/2019 16:00:00,135.76,,6/13/2019 16:00:00,2955419
,6/14/2019 16:00:00,135.15,,6/14/2019 16:00:00,2193367
,6/17/2019 16:00:00,134.95,,6/17/2019 16:00:00,2194129
,6/18/2019 16:00:00,136.38,,6/18/2019 16:00:00,2914698
,6/19/2019 16:00:00,137.08,,6/19/2019 16:00:00,2382520
,6/20/2019 16:00:00,138.85,,6/20/2019 16:00:00,3071017
,6/21/2019 16:00:00,139.2,,6/21/2019 16:00:00,5288759
,6/24/2019 16:00:00,139.35,,6/24/2019 16:00:00,2186137
,6/25/2019 16:00:00,138.36,,6/25/2019 16:00:00,2801251
,6/26/2019 16:00:00,138.52,,6/26/2019 16:00:00,2284567
,6/27/2019 16:00:00,138.52,,6/27/2019 16:00:00,2149824
,6/28/2019 16:00:00,137.9,,6/28/2019 16:00:00,6154039
,7/1/2019 16:00:00,139.88,,7/1/2019 16:00:00,3387184
,7/2/2019 16:00:00,140.22,,7/2/2019 16:00:00,2410092
,7/3/2019 13:00:00,141.54,,7/3/2019 13:00:00,1930361
,7/5/2019 16:00:00,141.38,,7/5/2019 16:00:00,2135085
,7/8/2019 16:00:00,140.57,,7/8/2019 16:00:00,2395487
,7/9/2019 16:00:00,139.33,,7/9/2019 16:00:00,3365227
,7/10/2019 16:00:00,140.47,,7/10/2019 16:00:00,2513931
,7/11/2019 16:00:00,141.24,,7/11/2019 16:00:00,2133327
,7/12/2019 16:00:00,142.74,,7/12/2019 16:00:00,2786276
,7/15/2019 16:00:00,143.32,,7/15/2019 16:00:00,2368309
,7/16/2019 16:00:00,143.53,,7/16/2019 16:00:00,3474688
,7/17/2019 16:00:00,143.07,,7/17/2019 16:00:00,6064265
,7/18/2019 16:00:00,149.63,,7/18/2019 16:00:00,12695387
,7/19/2019 16:00:00,149.68,,7/19/2019 16:00:00,7290678
,7/22/2019 16:00:00,149.74,,7/22/2019 16:00:00,4093239
,7/23/2019 16:00:00,150.38,,7/23/2019 16:00:00,3742204
,7/24/2019 16:00:00,150.03,,7/24/2019 16:00:00,2952435
,7/25/2019 16:00:00,150.39,,7/25/2019 16:00:00,3102113
,7/26/2019 16:00:00,151.36,,7/26/2019 16:00:00,2904494
,7/29/2019 16:00:00,150.88,,7/29/2019 16:00:00,2075528
,7/30/2019 16:00:00,149.77,,7/30/2019 16:00:00,2632726
,7/31/2019 16:00:00,148.24,,7/31/2019 16:00:00,3722907
,8/1/2019 16:00:00,150.32,,8/1/2019 16:00:00,6344006
,8/2/2019 16:00:00,147.25,,8/2/2019 16:00:00,8101720
,8/5/2019 16:00:00,140.76,,8/5/2019 16:00:00,7114871
,8/6/2019 16:00:00,140.73,,8/6/2019 16:00:00,5070650
,8/7/2019 16:00:00,139.11,,8/7/2019 16:00:00,5931883
,8/8/2019 16:00:00,140.1,,8/8/2019 16:00:00,5261444
,8/9/2019 16:00:00,136.13,,8/9/2019 16:00:00,5244594
,8/12/2019 16:00:00,133.67,,8/12/2019 16:00:00,4083850
,8/13/2019 16:00:00,135.79,,8/13/2019 16:00:00,4551170
,8/14/2019 16:00:00,131.25,,8/14/2019 16:00:00,5114159
,8/15/2019 16:00:00,131.92,,8/15/2019 16:00:00,3738945
,8/16/2019 16:00:00,133.76,,8/16/2019 16:00:00,3011993
,8/19/2019 16:00:00,135.04,,8/19/2019 16:00:00,3165436
,8/20/2019 16:00:00,133,,8/20/2019 16:00:00,3018934
,8/21/2019 16:00:00,134.25,,8/21/2019 16:00:00,2806774
,8/22/2019 16:00:00,134.32,,8/22/2019 16:00:00,2695009
,8/23/2019 16:00:00,129.57,,8/23/2019 16:00:00,4818759
,8/26/2019 16:00:00,129.99,,8/26/2019 16:00:00,2836837
,8/27/2019 16:00:00,131.17,,8/27/2019 16:00:00,4728392
,8/28/2019 16:00:00,132.76,,8/28/2019 16:00:00,2720362
,8/29/2019 16:00:00,134.88,,8/29/2019 16:00:00,2972842
,8/30/2019 16:00:00,135.53,,8/30/2019 16:00:00,2960594
,9/3/2019 16:00:00,134.1,,9/3/2019 16:00:00,2828242
,9/4/2019 16:00:00,136.32,,9/4/2019 16:00:00,2262081
,9/5/2019 16:00:00,140.97,,9/5/2019 16:00:00,5012914
,9/6/2019 16:00:00,140.57,,9/6/2019 16:00:00,2577200
,9/9/2019 16:00:00,142.6,,9/9/2019 16:00:00,4226944
,9/10/2019 16:00:00,145.05,,9/10/2019 16:00:00,4979741
,9/11/2019 16:00:00,143.6,,9/11/2019 16:00:00,3869731
,9/12/2019 16:00:00,143.62,,9/12/2019 16:00:00,2505432
,9/13/2019 16:00:00,143.67,,9/13/2019 16:00:00,2206612
,9/16/2019 16:00:00,142.48,,9/16/2019 16:00:00,1928500
,9/17/2019 16:00:00,142.2,,9/17/2019 16:00:00,2940494
,9/18/2019 16:00:00,142.22,,9/18/2019 16:00:00,1995159
,9/19/2019 16:00:00,142.97,,9/19/2019 16:00:00,3182092
,9/20/2019 16:00:00,141.88,,9/20/2019 16:00:00,5217881
,9/23/2019 16:00:00,142.07,,9/23/2019 16:00:00,1850061
,9/24/2019 16:00:00,141.68,,9/24/2019 16:00:00,3311171
,9/25/2019 16:00:00,143.16,,9/25/2019 16:00:00,2546205
,9/26/2019 16:00:00,143.55,,9/26/2019 16:00:00,2314542
,9/27/2019 16:00:00,143.24,,9/27/2019 16:00:00,2357082
,9/30/2019 16:00:00,145.42,,9/30/2019 16:00:00,4004429
,10/1/2019 16:00:00,143.66,,10/1/2019 16:00:00,2973714
,10/2/2019 16:00:00,141.69,,10/2/2019 16:00:00,3347276
,10/3/2019 16:00:00,142.02,,10/3/2019 16:00:00,3161718
,10/4/2019 16:00:00,142.99,,10/4/2019 16:00:00,2449483
,10/7/2019 16:00:00,141.28,,10/7/2019 16:00:00,2488799
,10/8/2019 16:00:00,138.38,,10/8/2019 16:00:00,3344083
,10/9/2019 16:00:00,139.67,,10/9/2019 16:00:00,2633472
,10/10/2019 16:00:00,141.13,,10/10/2019 16:00:00,2646693
,10/11/2019 16:00:00,142.76,,10/11/2019 16:00:00,3018669
,10/14/2019 16:00:00,142.04,,10/14/2019 16:00:00,2325609
,10/15/2019 16:00:00,143,,10/15/2019 16:00:00,3046999
,10/16/2019 16:00:00,142.11,,10/16/2019 16:00:00,5915705
,10/17/2019 16:00:00,134.26,,10/17/2019 16:00:00,15830810
,10/18/2019 16:00:00,134.09,,10/18/2019 16:00:00,7178379
,10/21/2019 16:00:00,132.58,,10/21/2019 16:00:00,6372983
,10/22/2019 16:00:00,133.96,,10/22/2019 16:00:00,4195803
,10/23/2019 16:00:00,134.38,,10/23/2019 16:00:00,3627345
,10/24/2019 16:00:00,134.07,,10/24/2019 16:00:00,2619309
,10/25/2019 16:00:00,135.44,,10/25/2019 16:00:00,2579055
,10/28/2019 16:00:00,135.97,,10/28/2019 16:00:00,3226132
,10/29/2019 16:00:00,133.82,,10/29/2019 16:00:00,4160718
,10/30/2019 16:00:00,135.25,,10/30/2019 16:00:00,2252989
,10/31/2019 16:00:00,133.73,,10/31/2019 16:00:00,3412119
,11/1/2019 16:00:00,135.53,,11/1/2019 16:00:00,3089789
,11/4/2019 16:00:00,137.67,,11/4/2019 16:00:00,3335389
,11/5/2019 16:00:00,137.89,,11/5/2019 16:00:00,3014961
,11/6/2019 16:00:00,138.78,,11/6/2019 16:00:00,4477291
,11/7/2019 16:00:00,137.69,,11/7/2019 16:00:00,4073908
,11/8/2019 16:00:00,137.61,,11/8/2019 16:00:00,2278602
,11/11/2019 16:00:00,135.47,,11/11/2019 16:00:00,2568755
,11/12/2019 16:00:00,135.59,,11/12/2019 16:00:00,3046536
,11/13/2019 16:00:00,134.48,,11/13/2019 16:00:00,3060924
,11/14/2019 16:00:00,134,,11/14/2019 16:00:00,4231471
,11/15/2019 16:00:00,134.4,,11/15/2019 16:00:00,3262656
,11/18/2019 16:00:00,134.31,,11/18/2019 16:00:00,3210872
,11/19/2019 16:00:00,134.52,,11/19/2019 16:00:00,2995071
,11/20/2019 16:00:00,133.2,,11/20/2019 16:00:00,4140148
,11/21/2019 16:00:00,133.84,,11/21/2019 16:00:00,3345343
,11/22/2019 16:00:00,134.34,,11/22/2019 16:00:00,3297797
,11/25/2019 16:00:00,135.97,,11/25/2019 16:00:00,2590170
,11/26/2019 16:00:00,135.09,,11/26/2019 16:00:00,3793337
,11/27/2019 16:00:00,133.77,,11/27/2019 16:00:00,3282827
,11/29/2019 13:00:00,134.45,,11/29/2019 13:00:00,1825255
,12/2/2019 16:00:00,132.91,,12/2/2019 16:00:00,3067831
,12/3/2019 16:00:00,132.12,,12/3/2019 16:00:00,3711071
,12/4/2019 16:00:00,131.99,,12/4/2019 16:00:00,3530773
,12/5/2019 16:00:00,131.91,,12/5/2019 16:00:00,3598578
,12/6/2019 16:00:00,133.22,,12/6/2019 16:00:00,3437994
,12/9/2019 16:00:00,133.92,,12/9/2019 16:00:00,2978801
,12/10/2019 16:00:00,133.91,,12/10/2019 16:00:00,3480385
,12/11/2019 16:00:00,133.76,,12/11/2019 16:00:00,3953311
,12/12/2019 16:00:00,135.32,,12/12/2019 16:00:00,4824186
,12/13/2019 16:00:00,134.21,,12/13/2019 16:00:00,2534970
,12/16/2019 16:00:00,134.13,,12/16/2019 16:00:00,3049325
,12/17/2019 16:00:00,134.22,,12/17/2019 16:00:00,2907547
,12/18/2019 16:00:00,134.41,,12/18/2019 16:00:00,3102353
,12/19/2019 16:00:00,134.56,,12/19/2019 16:00:00,3866717
,12/20/2019 16:00:00,135.59,,12/20/2019 16:00:00,7112072
,12/23/2019 16:00:00,135.55,,12/23/2019 16:00:00,2803168
,12/24/2019 13:00:00,134.98,,12/24/2019 13:00:00,1202087
,12/26/2019 16:00:00,134.91,,12/26/2019 16:00:00,2130706
,12/27/2019 16:00:00,135.27,,12/27/2019 16:00:00,2752706
,12/30/2019 16:00:00,132.81,,12/30/2019 16:00:00,4118937
,12/31/2019 16:00:00,134.04,,12/31/2019 16:00:00,3778012
,1/2/2020 16:00:00,135.42,,1/2/2020 16:00:00,3148833
,1/3/2020 16:00:00,134.34,,1/3/2020 16:00:00,2373676
,1/6/2020 16:00:00,134.1,,1/6/2020 16:00:00,2426305
,1/7/2020 16:00:00,134.19,,1/7/2020 16:00:00,3275968
,1/8/2020 16:00:00,135.31,,1/8/2020 16:00:00,4346140
,1/9/2020 16:00:00,136.74,,1/9/2020 16:00:00,3732830
,1/10/2020 16:00:00,136.69,,1/10/2020 16:00:00,3255641
,1/13/2020 16:00:00,136.6,,1/13/2020 16:00:00,3531572
,1/14/2020 16:00:00,135.82,,1/14/2020 16:00:00,3683458
,1/15/2020 16:00:00,136.62,,1/15/2020 16:00:00,4045952
,1/16/2020 16:00:00,137.98,,1/16/2020 16:00:00,4320911
,1/17/2020 16:00:00,138.31,,1/17/2020 16:00:00,5623336
,1/21/2020 16:00:00,139.17,,1/21/2020 16:00:00,7244079
,1/22/2020 16:00:00,143.89,,1/22/2020 16:00:00,16470431
,1/23/2020 16:00:00,142.87,,1/23/2020 16:00:00,5657790
,1/24/2020 16:00:00,140.56,,1/24/2020 16:00:00,5580189
,1/27/2020 16:00:00,138.62,,1/27/2020 16:00:00,4166562
,1/28/2020 16:00:00,139.55,,1/28/2020 16:00:00,3451557
,1/29/2020 16:00:00,137.69,,1/29/2020 16:00:00,3054714
,1/30/2020 16:00:00,136.77,,1/30/2020 16:00:00,5057906
,1/31/2020 16:00:00,143.73,,1/31/2020 16:00:00,18994560
,2/3/2020 16:00:00,146.27,,2/3/2020 16:00:00,8887502
,2/4/2020 16:00:00,149.11,,2/4/2020 16:00:00,5620966
,2/5/2020 16:00:00,156.33,,2/5/2020 16:00:00,14386823
,2/6/2020 16:00:00,156.76,,2/6/2020 16:00:00,8400545
,2/7/2020 16:00:00,153.41,,2/7/2020 16:00:00,6423429
,2/10/2020 16:00:00,154.43,,2/10/2020 16:00:00,5239807
,2/11/2020 16:00:00,153.48,,2/11/2020 16:00:00,3835112
,2/12/2020 16:00:00,155.31,,2/12/2020 16:00:00,4438007
,2/13/2020 16:00:00,154.31,,2/13/2020 16:00:00,3820697
,2/14/2020 16:00:00,150.7,,2/14/2020 16:00:00,6099244
,2/18/2020 16:00:00,151.1,,2/18/2020 16:00:00,3343514
,2/19/2020 16:00:00,150.86,,2/19/2020 16:00:00,2733277
,2/20/2020 16:00:00,151.22,,2/20/2020 16:00:00,2880709
,2/21/2020 16:00:00,149.84,,2/21/2020 16:00:00,3537258
,2/24/2020 16:00:00,146.43,,2/24/2020 16:00:00,5452408
,2/25/2020 16:00:00,141.71,,2/25/2020 16:00:00,6211547
,2/26/2020 16:00:00,139.75,,2/26/2020 16:00:00,5409537
,2/27/2020 16:00:00,133.11,,2/27/2020 16:00:00,8421125
,2/28/2020 16:00:00,130.15,,2/28/2020 16:00:00,13012228
,3/2/2020 16:00:00,134.3,,3/2/2020 16:00:00,8531415
,3/3/2020 16:00:00,128.9,,3/3/2020 16:00:00,7896068
,3/4/2020 16:00:00,134.22,,3/4/2020 16:00:00,4996370
,3/5/2020 16:00:00,129.55,,3/5/2020 16:00:00,5446227
,3/6/2020 16:00:00,127.73,,3/6/2020 16:00:00,8193257
,3/9/2020 16:00:00,117.81,,3/9/2020 16:00:00,10757487
,3/10/2020 16:00:00,124.77,,3/10/2020 16:00:00,11410688
,3/11/2020 16:00:00,117.97,,3/11/2020 16:00:00,8451038
,3/12/2020 16:00:00,102.81,,3/12/2020 16:00:00,12512655
,3/13/2020 16:00:00,107.95,,3/13/2020 16:00:00,12502113
,3/16/2020 16:00:00,99.08,,3/16/2020 16:00:00,10567960
,3/17/2020 16:00:00,106.65,,3/17/2020 16:00:00,9258338
,3/18/2020 16:00:00,103.55,,3/18/2020 16:00:00,8772460
,3/19/2020 16:00:00,100.34,,3/19/2020 16:00:00,8396521
,3/20/2020 16:00:00,95.39,,3/20/2020 16:00:00,10546455
,3/23/2020 16:00:00,94.77,,3/23/2020 16:00:00,9729393
,3/24/2020 16:00:00,105.48,,3/24/2020 16:00:00,7973944
,3/25/2020 16:00:00,105.85,,3/25/2020 16:00:00,8654047
,3/26/2020 16:00:00,112.89,,3/26/2020 16:00:00,7158052
,3/27/2020 16:00:00,108.03,,3/27/2020 16:00:00,6423038
,3/30/2020 16:00:00,112.93,,3/30/2020 16:00:00,5564541
,3/31/2020 16:00:00,110.93,,3/31/2020 16:00:00,6346676
,4/1/2020 16:00:00,105.14,,4/1/2020 16:00:00,6112947
,4/2/2020 16:00:00,110,,4/2/2020 16:00:00,6328674
,4/3/2020 16:00:00,106.34,,4/3/2020 16:00:00,4538750
,4/6/2020 16:00:00,114.82,,4/6/2020 16:00:00,7034193
,4/7/2020 16:00:00,114.94,,4/7/2020 16:00:00,5595329
,4/8/2020 16:00:00,119.29,,4/8/2020 16:00:00,5158641
,4/9/2020 16:00:00,121.5,,4/9/2020 16:00:00,5576815
,4/13/2020 16:00:00,121.15,,4/13/2020 16:00:00,5119713
,4/14/2020 16:00:00,123.91,,4/14/2020 16:00:00,5088660
,4/15/2020 16:00:00,118.69,,4/15/2020 16:00:00,5637341
,4/16/2020 16:00:00,115.73,,4/16/2020 16:00:00,6457556
,4/17/2020 16:00:00,120.12,,4/17/2020 16:00:00,4965992
,4/20/2020 16:00:00,120.41,,4/20/2020 16:00:00,8181736
,4/21/2020 16:00:00,116.76,,4/21/2020 16:00:00,14349032
,4/22/2020 16:00:00,119.31,,4/22/2020 16:00:00,7087869
,4/23/2020 16:00:00,121.35,,4/23/2020 16:00:00,6881615
,4/24/2020 16:00:00,124.72,,4/24/2020 16:00:00,4987346
,4/27/2020 16:00:00,125.92,,4/27/2020 16:00:00,4923806
,4/28/2020 16:00:00,126.27,,4/28/2020 16:00:00,4778144
,4/29/2020 16:00:00,128.69,,4/29/2020 16:00:00,5257579
,4/30/2020 16:00:00,125.56,,4/30/2020 16:00:00,6635783
,5/1/2020 16:00:00,121.87,,5/1/2020 16:00:00,4925535
,5/4/2020 16:00:00,121.68,,5/4/2020 16:00:00,4017877
,5/5/2020 16:00:00,122.58,,5/5/2020 16:00:00,3899416
,5/6/2020 16:00:00,123.17,,5/6/2020 16:00:00,3864589
,5/7/2020 16:00:00,121.23,,5/7/2020 16:00:00,4414328
,5/8/2020 16:00:00,122.99,,5/8/2020 16:00:00,5003939
,5/11/2020 16:00:00,122.59,,5/11/2020 16:00:00,3535276
,5/12/2020 16:00:00,120.26,,5/12/2020 16:00:00,4784457
,5/13/2020 16:00:00,115.73,,5/13/2020 16:00:00,5882813
,5/14/2020 16:00:00,116.95,,5/14/2020 16:00:00,5259373
,5/15/2020 16:00:00,116.98,,5/15/2020 16:00:00,4786330
,5/18/2020 16:00:00,121.56,,5/18/2020 16:00:00,4207593
,5/19/2020 16:00:00,120.29,,5/19/2020 16:00:00,3241117
,5/20/2020 16:00:00,121.38,,5/20/2020 16:00:00,3840858
,5/21/2020 16:00:00,119.12,,5/21/2020 16:00:00,4000863
,5/22/2020 16:00:00,118.39,,5/22/2020 16:00:00,4180771
,5/26/2020 16:00:00,121.76,,5/26/2020 16:00:00,5469282
,5/27/2020 16:00:00,125.54,,5/27/2020 16:00:00,5727496
,5/28/2020 16:00:00,124.53,,5/28/2020 16:00:00,3916377
,5/29/2020 16:00:00,124.9,,5/29/2020 16:00:00,7930467
,6/1/2020 16:00:00,124.89,,6/1/2020 16:00:00,2883294
,6/2/2020 16:00:00,126,,6/2/2020 16:00:00,2978056
,6/3/2020 16:00:00,129.05,,6/3/2020 16:00:00,3917746
,6/4/2020 16:00:00,128.89,,6/4/2020 16:00:00,3864785
,6/5/2020 16:00:00,132.06,,6/5/2020 16:00:00,5892960
,6/8/2020 16:00:00,135.75,,6/8/2020 16:00:00,5370469
,6/9/2020 16:00:00,131.87,,6/9/2020 16:00:00,5393644
,6/10/2020 16:00:00,129.87,,6/10/2020 16:00:00,4734835
,6/11/2020 16:00:00,118.01,,6/11/2020 16:00:00,11763629
,6/12/2020 16:00:00,121.91,,6/12/2020 16:00:00,6220327
,6/15/2020 16:00:00,121.65,,6/15/2020 16:00:00,5151240
,6/16/2020 16:00:00,125.15,,6/16/2020 16:00:00,5609087
,6/17/2020 16:00:00,124.15,,6/17/2020 16:00:00,3156836
,6/18/2020 16:00:00,124.16,,6/18/2020 16:00:00,2865362
,6/19/2020 16:00:00,122.47,,6/19/2020 16:00:00,8092354
,6/22/2020 16:00:00,121.07,,6/22/2020 16:00:00,4773499
,6/23/2020 16:00:00,119.41,,6/23/2020 16:00:00,6632605
,6/24/2020 16:00:00,116.42,,6/24/2020 16:00:00,6750990
,6/25/2020 16:00:00,119.03,,6/25/2020 16:00:00,6130626
,6/26/2020 16:00:00,117.19,,6/26/2020 16:00:00,10750107
,6/29/2020 16:00:00,119.75,,6/29/2020 16:00:00,4159488
,6/30/2020 16:00:00,120.77,,6/30/2020 16:00:00,3919469
,7/1/2020 16:00:00,118.54,,7/1/2020 16:00:00,4655765
,7/2/2020 16:00:00,119.7,,7/2/2020 16:00:00,3746958
,7/6/2020 16:00:00,120.19,,7/6/2020 16:00:00,4045439
,7/7/2020 16:00:00,117.58,,7/7/2020 16:00:00,4278307
,7/8/2020 16:00:00,117.71,,7/8/2020 16:00:00,5192806
,7/9/2020 16:00:00,115.71,,7/9/2020 16:00:00,4762991
,7/10/2020 16:00:00,118.35,,7/10/2020 16:00:00,4285705
,7/13/2020 16:00:00,119.2,,7/13/2020 16:00:00,4650651
,7/14/2020 16:00:00,120.6,,7/14/2020 16:00:00,4534397
,7/15/2020 16:00:00,123,,7/15/2020 16:00:00,4473400
,7/16/2020 16:00:00,124.01,,7/16/2020 16:00:00,4330917
,7/17/2020 16:00:00,125.11,,7/17/2020 16:00:00,3988460
,7/20/2020 16:00:00,126.37,,7/20/2020 16:00:00,9927668
,7/21/2020 16:00:00,126.06,,7/21/2020 16:00:00,15364948
,7/22/2020 16:00:00,128.67,,7/22/2020 16:00:00,8195366
,7/23/2020 16:00:00,127.33,,7/23/2020 16:00:00,4220136
,7/24/2020 16:00:00,125.79,,7/24/2020 16:00:00,3531076
,7/27/2020 16:00:00,126.21,,7/27/2020 16:00:00,3733547
,7/28/2020 16:00:00,124.47,,7/28/2020 16:00:00,4178176
,7/29/2020 16:00:00,125.32,,7/29/2020 16:00:00,2833141
,7/30/2020 16:00:00,122.9,,7/30/2020 16:00:00,3988062
,7/31/2020 16:00:00,122.94,,7/31/2020 16:00:00,5277652
,8/3/2020 16:00:00,124.31,,8/3/2020 16:00:00,3526574
,8/4/2020 16:00:00,125.84,,8/4/2020 16:00:00,3431366
,8/5/2020 16:00:00,125.45,,8/5/2020 16:00:00,3675400
,8/6/2020 16:00:00,126.12,,8/6/2020 16:00:00,3417131
,8/7/2020 16:00:00,124.96,,8/7/2020 16:00:00,3651226
,8/10/2020 16:00:00,127.11,,8/10/2020 16:00:00,3968295
,8/11/2020 16:00:00,126.75,,8/11/2020 16:00:00,5001176
,8/12/2020 16:00:00,126.7,,8/12/2020 16:00:00,3530177
,8/13/2020 16:00:00,125.03,,8/13/2020 16:00:00,3171258
,8/14/2020 16:00:00,125.27,,8/14/2020 16:00:00,2963753
,8/17/2020 16:00:00,124.44,,8/17/2020 16:00:00,3360064
,8/18/2020 16:00:00,124.92,,8/18/2020 16:00:00,2882355
,8/19/2020 16:00:00,123.84,,8/19/2020 16:00:00,3743949
,8/20/2020 16:00:00,123.15,,8/20/2020 16:00:00,2561164
,8/21/2020 16:00:00,123.16,,8/21/2020 16:00:00,3385051
,8/24/2020 16:00:00,125.68,,8/24/2020 16:00:00,4070816
,8/25/2020 16:00:00,124.64,,8/25/2020 16:00:00,2977697
,8/26/2020 16:00:00,124.17,,8/26/2020 16:00:00,3388687
,8/27/2020 16:00:00,124.65,,8/27/2020 16:00:00,3422654
,8/28/2020 16:00:00,125.07,,8/28/2020 16:00:00,3099940
,8/31/2020 16:00:00,123.31,,8/31/2020 16:00:00,4827879
,9/1/2020 16:00:00,123.4,,9/1/2020 16:00:00,3155623
,9/2/2020 16:00:00,128.18,,9/2/2020 16:00:00,6592430
,9/3/2020 16:00:00,124.45,,9/3/2020 16:00:00,5716750
,9/4/2020 16:00:00,122.3,,9/4/2020 16:00:00,6018238
,9/8/2020 16:00:00,121.21,,9/8/2020 16:00:00,5210292
,9/9/2020 16:00:00,122.26,,9/9/2020 16:00:00,3770678
,9/10/2020 16:00:00,120.56,,9/10/2020 16:00:00,3978805
,9/11/2020 16:00:00,121.46,,9/11/2020 16:00:00,3548091
,9/14/2020 16:00:00,122.09,,9/14/2020 16:00:00,3641887
,9/15/2020 16:00:00,122.44,,9/15/2020 16:00:00,2915221
,9/16/2020 16:00:00,124.22,,9/16/2020 16:00:00,3789458
,9/17/2020 16:00:00,124.92,,9/17/2020 16:00:00,3171262
,9/18/2020 16:00:00,122.76,,9/18/2020 16:00:00,5391570
,9/21/2020 16:00:00,120.25,,9/21/2020 16:00:00,5311441
,9/22/2020 16:00:00,120.51,,9/22/2020 16:00:00,2957809
,9/23/2020 16:00:00,118.83,,9/23/2020 16:00:00,3939398
,9/24/2020 16:00:00,118.09,,9/24/2020 16:00:00,3546160
,9/25/2020 16:00:00,118.95,,9/25/2020 16:00:00,2953686
,9/28/2020 16:00:00,121.73,,9/28/2020 16:00:00,3509576
,9/29/2020 16:00:00,120.94,,9/29/2020 16:00:00,2130564
,9/30/2020 16:00:00,121.67,,9/30/2020 16:00:00,3261235
,10/1/2020 16:00:00,121.09,,10/1/2020 16:00:00,3211661
,10/2/2020 16:00:00,120.57,,10/2/2020 16:00:00,2925228
,10/5/2020 16:00:00,122.01,,10/5/2020 16:00:00,3050949
,10/6/2020 16:00:00,121.97,,10/6/2020 16:00:00,3872265
,10/7/2020 16:00:00,124.07,,10/7/2020 16:00:00,2815663
,10/8/2020 16:00:00,131.49,,10/8/2020 16:00:00,25288926
,10/9/2020 16:00:00,127.79,,10/9/2020 16:00:00,8353704
,10/12/2020 16:00:00,127.21,,10/12/2020 16:00:00,4635115
,10/13/2020 16:00:00,125.1,,10/13/2020 16:00:00,5406088
,10/14/2020 16:00:00,125.94,,10/14/2020 16:00:00,3730139
,10/15/2020 16:00:00,124.89,,10/15/2020 16:00:00,3389301
,10/16/2020 16:00:00,125.93,,10/16/2020 16:00:00,4714320
,10/19/2020 16:00:00,125.52,,10/19/2020 16:00:00,7478735
,10/20/2020 16:00:00,117.37,,10/20/2020 16:00:00,21501073
,10/21/2020 16:00:00,115.06,,10/21/2020 16:00:00,9755308
,10/22/2020 16:00:00,115.76,,10/22/2020 16:00:00,7858158
,10/23/2020 16:00:00,116,,10/23/2020 16:00:00,3893362
,10/26/2020 16:00:00,112.22,,10/26/2020 16:00:00,7203366
,10/27/2020 16:00:00,110.56,,10/27/2020 16:00:00,5936106
,10/28/2020 16:00:00,106.65,,10/28/2020 16:00:00,9427321
,10/29/2020 16:00:00,108.91,,10/29/2020 16:00:00,6760241
,10/30/2020 16:00:00,111.66,,10/30/2020 16:00:00,7923882
,11/2/2020 16:00:00,112.91,,11/2/2020 16:00:00,5311497
,11/3/2020 16:00:00,114.16,,11/3/2020 16:00:00,4204287
,11/4/2020 16:00:00,111.9,,11/4/2020 16:00:00,5800071
,11/5/2020 16:00:00,114.77,,11/5/2020 16:00:00,4902206
,11/6/2020 16:00:00,114.04,,11/6/2020 16:00:00,5249171
,11/9/2020 16:00:00,115.53,,11/9/2020 16:00:00,8992152
,11/10/2020 16:00:00,117.91,,11/10/2020 16:00:00,5622756